,phone
1,+302109000900
2,+30 210 9000903
3,+30 210 900 09 59
4,+49 30 2827015
5,+49 30 282 70 15
6,+74952903010
7,+15054761200
8,+30 210 9000915
9,+35 9745 6112 01
10,+302102325330
11,+357 22015398
12,+357 2201 5398
13,+971 72068885
14,+302102325332
15,+35 9745 6120 02
16,+971 7206 8885
17,+30 210 2325 334
18,+302102325333
19,+302102325331
20,+30 210 2325 330
21,+30 210 9000951
22,+49 30 283 914 66
23,+74712701171
24,+1 301 315 9631
25,+447545468483
26,+44 20 7255 0717
27,+1 737 218 6046
28,+31 30 303 33 40
29,+4687845000
30,+4623 70 22 300
31,+30 693 2206006
32,+8613811634832
33,+30 2310051352
34,+1512 666 5875
35,+355 4 45 20 360
36,+30 210 9313200
37,+40 314 326308
38,+30 210 9000 961
39,+302109000960
40,+30 210 9000 960
41,+30 210 900 0961
42,+30 210 900 0955
43,+30 210 900 0903
44,+30 210 900 0960
45,+30 210 900 0915
46,+30 210 900 0959
47,+30 210 900 0911
48,+30 210 3229705
49,+30 210 3230090
50,+30 210 3239200
51,+49 30 887 26 300
52,+49 30 887 26 333
53,+20130422
54,+4930355305286
55,+49525898580
56,+18889935273
57,+79286251122
58,+7 913 111
59,+79265624913
60,+44 1392 722524
61,+1535694389
62,+1518500249
63,+882459459
64,+341275144
65,+1 301 315
66,+441608811870
67,+61 2 8514 9950
68,+61 2 8514 9999
69,+49 700 86627724
70,+49621338330
71,+49 621 3383350
72,+49 621 338330
73,+1 617 54558 60
74,+49 621 338 33
75,+49 892 15488
76,+41 525 33833
77,+49 621 33833
78,+30 231 12574
79,+1 617 54558
80,+49 211 74956
81,+1 480 505 8800
82,+1 480 624 2546
83,+41 58 585 56 34
84,+41 58 585 76 55
85,+1 202 223 9256
86,+1 202 223 9252
87,+44 8700118187
88,+44 2074218299
89,+1 818 560 1000
90,+1 818 553 7210
91,+97142300011
92,+97126717333
93,+97142300018
94,+97126961146
95,+1 353 1 646
96,+0034934804410
97,+36 1 883 0456
98,+36 1 883 0301
99,+34 93 207 16 11
100,+385 1 619 89 97
101,+595991460480
102,+27 62 002 3530
103,+34 93 207 25 16
104,+48 22 270 20 98
105,+351 21 934 77 59
106,+90 212 671 29 36
107,+385 1 619 89 99
108,+370 5 273 00 51
109,+420 702 147 232
110,+46723294370
111,+31 88 055 14 00
112,+358 40 631 3553
113,+358456578746
114,+358503079992
115,+358504080197
116,+358504759645
117,+1 214 953 0004
118,+1 703 548 2867
119,+1 703 519 8160
120,+1 703 837
121,+34 932 701 620
122,+34 932 701 180
123,+1 202 707 6237
124,+1 202 707 0115
125,+44 7624 800100
126,+447624800100
127,+43 1 52 152
128,+1 650 319 8930
129,+16503198930
130,+31 0303033340
131,+12125959533
132,+1 646 490 1679
133,+18776209578
134,+46107097000
135,+46107097900
136,+46 23 666 55 00
137,+86400000
138,+16142925000
139,+16146884357
140,+19252470323
141,+302103223509
142,+441865272860
143,+44 1865 275500
144,+441865287430
145,+441865270360
146,+441865276150
147,+0000 2021
148,+44 1865 276555
149,+44 1865 284700
150,+44 1865 276884
151,+441865270600
152,+44 1865 279900
153,+44 1865 279902
154,+441865 278300
155,+44 01865
156,+44 1865 270708
157,+44 1865 270000
158,+447967 078172
159,+86 010 6158 6106
160,+82 70 4515 6893
161,+494041336742
162,+49 40 41336780
163,+49 40 41336717
164,+03362773
165,+2571517
166,+41 32 366 7800
167,+41 32 366 7890
168,+49 30 355305286
169,+491772493988
170,+493406508226
171,+493406508250
172,+1 64 77 24 46 91
173,+45 70 20 19 00
174,+49 69 605011
175,+86 21 31267881
176,+86 21 62791547
177,+49402519570
178,+74912506771
179,+74912506773
180,+74912506770
181,+78126025250
182,+73832892909
183,+73832891212
184,+74712395137
185,+7 907 7647981
186,+7 999 9999999
187,+41 26 419 88 88
188,+41 26 419 88 44
189,+73833196620
190,+7 495 727
191,+79859790934
192,+41 44 501 26 00
193,+15075383270
194,+18556296543
195,+19049530853
196,+18004462279
197,+4402078712575
198,+6558533
199,+691379 17
200,+691 37917
201,+69137917
202,+18002532687
203,+86 4009008831
204,+91 9764144222
205,+34 943 31 37 88
206,+351 213 021 118
207,+90 216 467 07 90
208,+47 41 41 48 12
209,+39 05 6577 7311
210,+420 606 421 802
211,+41 44 711 10 10
212,+6012 487 6961
213,+420 725 792 472
214,+49 040 419 28390
215,+30 210 4829974
216,+39 06 9016 0034
217,+7 800 555 36 19
218,+7 495 772 22 51
219,+46 73 3844488
220,+34 943 31 37 97
221,+7 495 220 20 95
222,+48 91 484 17 56
223,+45 49 75 96 60
224,+7 812 426 15 27
225,+358 4565 3911 2
226,+961 4 5213 08
227,+971 48864073
228,+65 6499 9777
229,+230 2120940
230,+359 2987 0720
231,+212 539 9496 32
232,+216 9842 6014
233,+502 2369 3420
234,+386 1 500 45 10
235,+49 69 8300 688 100
236,+972 3681 0592
237,+662 034 9770
238,+254 728 343361
239,+39 0471 531 253
240,+30 210 331 136 3
241,+262 262 0179 79
242,+352 740 327
243,+352 81 8785
244,+672 323 011
245,+1 868 356 2911
246,+212 539 9770 00
247,+351 219 383 704
248,+230 2401312
249,+502 2369 6929
250,+30 210 9840 147
251,+352 488 683
252,+352 958 071
253,+225 0808 7033
254,+1 246 426 7387
255,+595 21 296 443
256,+5999 526 9589
257,+352 409 660
258,+82 2 3441 9117
259,+31 10 2417007
260,+672 1800 623 423
261,+35 725 7369 63
262,+32 4 360 97 23
263,+1 86 86392895
264,+262 262 4510 55
265,+352 81 1728
266,+972 3683 4245
267,+81 3 5785 5690
268,+56 2 2233 2739
269,+1 86 87315918
270,+254 20 3872 878
271,+82 2 3441 8221
272,+7 8672 740 928
273,+94 114 7102 00
274,+36 1 406 2661
275,+356 2124 9639
276,+03 80236018
277,+597 478720
278,+352 2674 0337
279,+297 5831 022
280,+7 8672 518 726
281,+672 3 9481 3771
282,+31 535 374 444
283,+35 725 3646 15
284,+46 431 730 95
285,+52 55 2455 6060
286,+27 21 461 7426
287,+213 21 38 31 38
288,+254 20 4445 495
289,+385 1 4616 352
290,+84 909 339 232
291,+36 1 406 2473
292,+225 2135 5248
293,+30 210 9840 636
294,+32 4 360 92 91
295,+354 544 2161
296,+354 544 2160
297,+420 774422554
298,+354 551 3366
299,+1 86 84860880
300,+39 0471 531 213
301,+356 2123 7549
302,+64 93067234
303,+352 2695 0791
304,+81 54 238 3340
305,+345 749 7653
306,+94 115 3378 55
307,+1 809 807 2588
308,+672 322 706
309,+352 268 0084 8
310,+212 522 3923 80
311,+30 210 322 33
312,+233 302 8232 58
313,+353 16753766
314,+1 868 628 3338
315,+81 3 5785 5675
316,+31 20 6891267
317,+352 268 0084 7
318,+1268 5608 114
319,+351 219 384 855
320,+971 48136111
321,+230 7841 4582 302
322,+595 21 292 484
323,+385 1 3635 957
324,+598 2518 2 231
325,+46 431 732 00
326,+852 2422 3882
327,+598 2518 2 132
328,+81 54 238 3347
329,+49 69 8300 688 180
330,+852 2410 8731
331,+45 69 884911
332,+49 40 69797634
333,+49 2234 693616
334,+34 91 521 91 88
335,+39 45 597258
336,+43 1 3750036
337,+49 2683 5099 916
338,+49 7931 932820
339,+49 2224 9238102
340,+49 351 48656143
341,+49 4561 513792
342,+49 711 87039325
343,+49 6864 270348
344,+49 7633 806225
345,+49 441 92518613
346,+39 06 3223364
347,+44 20 3931 5757
348,+49 6221 5880889
349,+49 35874 21 0
350,+49 8375 975795
351,+49 2974 833591
352,+49 941 59579400
353,+49 6667 81
354,+49 69 69030304
355,+49 251 38337840
356,+49 241 40029704
357,+49 8662 665450
358,+852 2871 5500
359,+34 910521070
360,+49 761 38366372
361,+31 475 690447
362,+49 40 34994231
363,+49 7533 9979195
364,+49 208 74014673
365,+49 211 8285583
366,+49 7762 805180
367,+49 30 28099694
368,+43 2166 23046
369,+1 415 884
370,+49 8824 910440
371,+49 6332 9934161
372,+49 228 96502147
373,+44 20 37950555
374,+49 421 16536791
375,+49 4321 8515202
376,+44 020 34091577
377,+49 8324 953185
378,+49 89 23886778
379,+49 3581 3758
380,+43 1383 1034
381,+49 2683 9359 0
382,+18002102370
383,+1 301 315 9634
384,+49 341 355356 0
385,+49 341 355356 950
386,+41444801270
387,+41 44 480 12 70
388,+12016934846
389,+2024282
390,+333333333
391,+359 0886 695 616
392,+44 113 815 1570
393,+32 1 877 227 6963
394,+31 20 592 9333
395,+31205929333
396,+12129374335
397,+12129374336
398,+0117 929 0383
399,+020 7229 8541
400,+34 958 804 324
401,+020 7392 7788
402,+49 000 0000
403,+0 800 12 34 56
404,+24335368
405,+18009159122
406,+64 4 333 1000
407,+43 1 5455155 0
408,+1 978 816 1600
409,+43 1 545 5155
410,+44 1 2345 6789
411,+41 22 749 08 88
412,+14155551212
413,+15553676287
414,+1 856 310 1981
415,+33 08 05 54 24 86
416,+52 01 800 910 7070
417,+44 203 684 1123
418,+19177935868
419,+41 41 552 14 90
420,+46101722105
421,+46 10 17 22 105
422,+46101722100
423,+46 10 17 22 100
424,+39 351 6097868
425,+611300423372
426,+441142662040
427,+61 429844976
428,+66 2 614 4500
429,+62 61 524 6222
430,+64 9 918 8600
431,+886 2 2757 1193
432,+88 02 8878871
433,+886 2 2757 5298
434,+64 9918 8798
435,+92 21 263 1526
436,+62 21 5291 4901
437,+673 2 223 685
438,+62 21 2551 477
439,+61 2 1300 300 437
440,+62 21 5291 4567
441,+62 21 524 6622
442,+91 12 44182171
443,+82 2 2004 0735
444,+64 9913 4040
445,+64 9918 8630
446,+673 2 233 668
447,+1 300 308 688
448,+886 2 2757 5266
449,+66 2614 4523
450,+886 2 2757 2166
451,+852 2192 2233
452,+886 2 6616 5998
453,+673 2 241 317
454,+91 22 61640157
455,+88 02 8878873
456,+81 3 5203 3065
457,+61 8 9320 9820
458,+61 7 3835 7830
459,+64 9 918 8718
460,+66 2 614 4219
461,+66 2614 4559
462,+84 8 3520 6160
463,+81 3 5203 3565 3222
464,+62 21 521 1305
465,+65 6224 9578
466,+81 3 5203 3991
467,+81 3 5203 4236
468,+84 8 3829 2288
469,+92 21 227 2312
470,+92 42 578 6219
471,+92 42 578 6217
472,+65 6658 2288
473,+61 2 9006 5563
474,+852 2845 2605
475,+82 2318 9105
476,+61 8 8112 8612
477,+63 2 581 8200
478,+88 02 8878850
479,+88 02 8878872
480,+81 3 5203 3239
481,+82 2 2004 0301
482,+8 13 5203 3265
483,+886 2 2652 7256
484,+673 2 252 336
485,+18663333909
486,+6595256
487,+49 421 69663282
488,+1 310 823 8649
489,+1 310 301 5800
490,+2304035100
491,+1 646 827 0648
492,+1 919 254 7798
493,+350 200 73520
494,+49 4615050350
495,+49 461 5050 35
496,+49 461 50503535
497,+376 725001
498,+376 863667
499,+376 875481
500,+376 875274
501,+49 89 76 76 25 00
502,+49 89 76 76 0
503,+1 650 492 5631
504,+1 404 978 8419
505,+1 877 809 3183
506,+1 877 734 4783
507,+1 345 746 3687
508,+971 4 7774018
509,+41 22 747 63 33
510,+1 215 706 5700
511,+1 215 706 5701
512,+41 22 747 60 00
513,+011 860 273 0123
514,+93 70 6604794
515,+13026365454
516,+61394796684
517,+13026365400
518,+61396431871
519,+27113140088
520,+27113140077
521,+27115681492
522,+27115682800
523,+1 268 460 1477
524,+1 268 460 1391
525,+41 22 909 7292
526,+41 22 909 7200
527,+1 264 497 5233
528,+1 264 497 3255
529,+1 212 458 1942
530,+1 212 770 7000
531,+33 561935948
532,+33 561933333
533,+91 11 41666100
534,+91 11 41666149
535,+355 4 2250926
536,+355 4 2259106
537,+39 011 003 1111
538,+1 480 393 4275
539,+33 1 39 30 83 01
540,+33388156815
541,+33 388156540
542,+33 1 39 30 83 00
543,+41 22 312 5610
544,+41 22 312 5612
545,+374 93 199840
546,+374 91 415539
547,+374 6027 2271
548,+1 212 640 2000
549,+1 212 640 9212
550,+1 401 333
551,+1 800 624
552,+31 26 3525500
553,+19196774444
554,+19195316016
555,+86 10 5244 7383
556,+86 10 5884 6931
557,+86 10 5884 6939
558,+61 3 8654 1922
559,+61 3 9273 5555
560,+244 924 782 278
561,+64 21 279 4995
562,+64 4 472 1600
563,+33 140541064
564,+33 140541010
565,+54 11 5235 1160
566,+20227738092
567,+97147774018
568,+1 510 492 4080
569,+1 510 492 4001
570,+1 310 823
571,+33 3 88 14 22 22
572,+1 212 334 3660
573,+1 212 208 2674
574,+684 252 9742
575,+852 2244 7902
576,+852 2244 7900
577,+43 662 4669
578,+43 1 4277 14035
579,+43 1 4277 9140
580,+49 7131 7999 0
581,+1 206 646 5990
582,+12069467702
583,+61 3 9206 4153
584,+61 3 8847 9045
585,+1 702 757 6555
586,+297 583 4000
587,+297 583 4030
588,+297 5251000
589,+297 5251001
590,+358 18 23500
591,+358 18 25000
592,+358 18 19155
593,+44 7977 917316
594,+994 12 4939319
595,+994 12 4980522
596,+387 33 560 240
597,+387 33 213 773
598,+17027576555
599,+86 188 1064 7965
600,+86 10 5992 0062
601,+1 202 236 1154
602,+34 934 672 959
603,+34 936 750 354
604,+44 2071 167663
605,+44 7825 023892
606,+1 209 341 4226
607,+1 209 573 8520
608,+49 621 3905 7393
609,+49 621 3905 393
610,+1 246 535 2570
611,+1 246 535 2502
612,+1 246 620 0960
613,+44 3030409777
614,+44 303 040 9777
615,+44 2088118815
616,+1 919 791 3356
617,+1 919 745 5328
618,+34 91 537 72 34
619,+34 91 374 63 21
620,+880 2 9331798
621,+880 2 9574446
622,+880 2 9515599
623,+880 2 9357877
624,+32 16 28 49 70
625,+32 16 28 49 71
626,+44 2033880600
627,+44 2033880601
628,+43 662 234548 29
629,+49 30 49782356
630,+43 662 234548 730
631,+49 30 49782354
632,+1 415 278 8444
633,+1 208 685 1880
634,+22670201338
635,+22670390190
636,+22625375364
637,+359 52 702563
638,+359 52 702562
639,+359 52 702561
640,+973 17532125
641,+973 17520000
642,+257 22 22 5005
643,+257 22 225005
644,+229 96 80 52 52
645,+229 21 31 00 65
646,+229 21 31 00 67
647,+1 917 522 2727
648,+1 212 617 7816
649,+1 609 818 3151
650,+33 1 57 43 74 03
651,+33 1 42 98 02 65
652,+591 2 2200720
653,+496132772378
654,+496132774566
655,+1 980 387 8445
656,+1 980 388 2014
657,+55 11 5509 3505
658,+35227862529
659,+352621811103
660,+442033880600
661,+1 206 946 7702
662,+49 9352 180
663,+49 711 811
664,+33488662207
665,+33488662220
666,+1 4164773490
667,+1 4164770964
668,+55 11 5509 3501
669,+81355210107
670,+81355210117
671,+1 425 671 0020
672,+1 425 298 2200
673,+32 16 284971
674,+32 16 284970
675,+1 242 302 4549
676,+1 242 302 4528
677,+44 203 388 0600
678,+01 310 450 6988
679,+44 203 388 0601
680,+47 73 55 73 55
681,+267 395 7976
682,+267 368 5410
683,+375 17 3092424
684,+375 17 3271824
685,+375 17 2395703
686,+375 17 2395720
687,+501 223 1607
688,+501 610 5124
689,+501 223 2242
690,+33 298599326
691,+33 298828788
692,+1 613 237 5335
693,+1 613 237 0534
694,+1 212 381 3950
695,+1 212 381 3500
696,+33 4 42 50 69 48
697,+31 1 0 4 05 44 73
698,+61292231800
699,+61292237833
700,+1 302 636 5400
701,+44 1268 292545
702,+41 22 312 56 12
703,+41 22 312 56 10
704,+34 936 75 03 54
705,+39 06 698 45204
706,+39 06 698 45210
707,+61477387865
708,+61291181601
709,+613 9926 6788
710,+1 703 948 3978
711,+613 9926 6700
712,+1 703 925
713,+243 81 063 8578
714,+243 822983889
715,+61 2 9247 8230
716,+41 22 766 7482
717,+41 22 766 2095
718,+236 21 61 44 72
719,+31 20 5315726
720,+236 21 61 60 64
721,+31 20 5315721
722,+41 44 519 00 60
723,+41 44 268 15 78
724,+41 44 268 15 40
725,+1 212 688 5055
726,+1 212 715 4808
727,+225 20 34 43 73
728,+225 20 34 42 53
729,+225 20 34 43 75
730,+44 203 117 1368
731,+44 207 921 4777
732,+1 208 389 5740
733,+1 208 389 5771
734,+682 29680
735,+56 22 940 7700
736,+33 1 53 35 35 53
737,+33 1 53 35 36 10
738,+237 223 4065
739,+237 223 0303
740,+571 616 9961
741,+57 3144012918
742,+43 1 98116
743,+431981160
744,+43198116111
745,+1 202 628 6726
746,+1 202 383 5453
747,+33 4 95 51 67 75
748,+33 4 95 51 69 00
749,+506 2283 4101
750,+506 2283 4814
751,+506 2280
752,+1 703 728 4176
753,+1 562 262 0906
754,+1 469 499 8240
755,+537 8620377
756,+537 2069380
757,+537 2048202
758,+33613993433
759,+33603630483
760,+238 261 3069
761,+238 260 4400
762,+59997442100
763,+59997442248
764,+61 410 177 335
765,+357 2289 5520
766,+357 2289 4445
767,+357 22 895077
768,+357 22 892165
769,+44 2033 880600
770,+44 2033 880601
771,+420 222745112
772,+420 222745111
773,+49 69 27235 235
774,+49 69 27235 272
775,+49 69 27235 0
776,+49 69 27235 234
777,+1 312 486 4145
778,+1 610 479 5957
779,+1 800 732 7241
780,+1 224 405 0640
781,+1 513 746 2800
782,+45 3364 6066
783,+45 3364 6060
784,+81 3 3780 5239
785,+81 3 5456 1601
786,+1 303 723 1699
787,+1 303 723 1000
788,+97143532988
789,+97143533334
790,+1 302 992 3165
791,+1 302 774 1000
792,+213 23 25 54 08
793,+213 23 25 54 02
794,+5934 2515434
795,+5934 3729560
796,+372 727 1000
797,+202 33458366
798,+202 33458365
799,+496151720
800,+496151722000
801,+291 1 200339
802,+291 1 189193
803,+291 1 185019
804,+291 1 120938
805,+46 10 719 3091
806,+46 10 719 0000
807,+34 91 212 76 20
808,+34 91 212 76 24
809,+34 91 555 76 64
810,+251 115 523 296
811,+251 911 208321
812,+251 115 53 15 69
813,+251 911 246572
814,+32 2 401 27 51
815,+32 2 401 27 50
816,+41 223 125 610
817,+41 223 125 612
818,+302 636 5454
819,+518 736 3434
820,+1 7039256999
821,+1 2022239256
822,+1 7039483978
823,+1 2022239252
824,+29 0536 949 111
825,+352 349 711 95 06
826,+352 349411
827,+358 295 345 000
828,+1 617 563 7000
829,+1 617 692 1699
830,+61416163791
831,+442072256318
832,+60389966788
833,+442075461029
834,+679 323 2117
835,+500 27306
836,+500 28459
837,+1 650 265 0400
838,+1 650 265 0401
839,+691 320 2745
840,+691 320 2740
841,+298 550050
842,+1 310 369 5668
843,+1 310 969 1063
844,+33 1 39 30 83 05
845,+33 153922846
846,+33 153920040
847,+81354561601
848,+81337805239
849,+241 01 76 32 49
850,+1 209 341 6349
851,+44 1235 822 397
852,+44 1235 822 212
853,+1 473 435 6872
854,+1 473 435 2132
855,+14169980932
856,+995 599 48 65 14
857,+995 577 208045
858,+49 461 5050 35 0
859,+3292187979
860,+3292187978
861,+65 6720 0866
862,+65 6823 9106
863,+590 590 571 090
864,+44 1481 521713
865,+233289518437
866,+233302521696
867,+350 47272
868,+350 47200
869,+442070670999
870,+442070670901
871,+299 322966
872,+299 341255
873,+1 8554845622
874,+353 16335466
875,+55 21 2540 4720
876,+220 391020
877,+220 392728
878,+220 3911020
879,+81 337805239
880,+81 354561601
881,+49 231 9703 0
882,+49 721 91374 2978
883,+49 231 9703 200
884,+49 721 91373 4221
885,+224 46 27 07
886,+1 206 356 8341
887,+37798 66 34 10
888,+37798 66 25 15
889,+1 877 734 4688
890,+1 540 301 0160
891,+1 888 282 0870
892,+34 675404304
893,+590590814261
894,+590590803140
895,+31205315726
896,+31205315721
897,+240222268239
898,+30 281 0391450
899,+30 281 0391451
900,+44 121 318 6707
901,+502 2368 8565
902,+502 2369 3452
903,+502 2368 8566
904,+671 734 9422
905,+671 735 2640
906,+351 211308200
907,+245 3204876
908,+245 3204874
909,+351 211312720
910,+5926444135
911,+49 40 6506 2020
912,+43 662 2345 4829
913,+43 662 2345 48730
914,+1 212 512 1986
915,+1 212 512 1000
916,+912267546203
917,+912267546010
918,+91 970 277 7311
919,+358 9 310 1641
920,+358 9 655 783
921,+33 140174720
922,+33 140174994
923,+852 2319 2303
924,+852 2319 2626
925,+612 6100 6588
926,+612 6100 6599
927,+1 303 278 8809
928,+1 303 302 1400
929,+504 2235 5721
930,+504 235 5721
931,+504 2235 4141
932,+504 235 4141
933,+1 770 384 2293
934,+1 770 433 8211
935,+541148943500
936,+385 1 66 61 615
937,+385 1 66 61 616
938,+385 1 66 61 686
939,+36 1 238 0115
940,+36 1 238 0114
941,+1 518 966 9187
942,+86 10 82096303
943,+86 10 82096262
944,+62 82111610360
945,+62 817758377
946,+62 21 3005 5789
947,+353 1 230 1273
948,+353 1 236 5421
949,+353 1 236 5412
950,+1 732 981 3432
951,+1 732 981 0027
952,+49 30 4980 2722
953,+49 30 4980 2727
954,+972 3 9700901
955,+972 3 9700900
956,+44 1624 829525
957,+44 1624 825278
958,+44 1624 685685
959,+91 11 48202013
960,+91 11 48202011
961,+246 9398
962,+964 7904318957
963,+964 7904318951
964,+964 17195839
965,+98 21 22828081
966,+98 21 22828080
967,+98 21 22295700
968,+354 525 4747
969,+354 578 2030
970,+354 561 0999
971,+90 2123128920
972,+90 2124495115
973,+39 050 315 2113
974,+39 050 315 2087
975,+39 050 315 2123
976,+39 050 315 2207
977,+44 207 157 6563
978,+44 774 076 2399
979,+44 2476303080
980,+44 2476202101
981,+44 1534 521713
982,+1 248 512 4053
983,+1 248 512 2950
984,+1 312 228 2777
985,+1 312 228 2269
986,+1 876 927 0997
987,+1 876 927 2148
988,+962 6 5861059
989,+962 6 5805700
990,+81 3 5215 8480
991,+81 3 5215 8451
992,+81 3 5215 8452
993,+1 408 745 2100
994,+1 408 745 2000
995,+254 20 4450058
996,+254 20 4450059
997,+254 20 4450087
998,+254715275483
999,+254 715 275483
1000,+852 2525 7211
1001,+852 2845 9000
1002,+996 312 963434
1003,+996 312 964488
1004,+855 23 723 222
1005,+855 23 721 406
1006,+855 16 842 890
1007,+855 23 722 333
1008,+686 26193
1009,+686 26003
1010,+686 25488
1011,+6493070040
1012,+16132370534
1013,+16132375335
1014,+269 3323001
1015,+269 7734300
1016,+269 7738912
1017,+1 869 4650610
1018,+886 2 2341 1313
1019,+886 2 2396 8832
1020,+1 869 4658582
1021,+43 1 198116
1022,+8502 381 3180
1023,+8502 381 4418
1024,+31 20 656 6700
1025,+31610163500
1026,+82 10 8581 3514
1027,+82 61 820 2611
1028,+82 61 820 1161
1029,+9647504458604
1030,+81354562695
1031,+856 21 254150
1032,+856 21 255780
1033,+33 139308300
1034,+33 139308301
1035,+49 221 8885 2564
1036,+49 221 8885 5274
1037,+541143260777
1038,+528188642600
1039,+61394791991
1040,+961 1 749 116
1041,+33 149875108
1042,+33 143875100
1043,+1 212 708 6681
1044,+1 212 708 6600
1045,+45 79505370
1046,+45 75338853
1047,+1 317 276 2000
1048,+1 317 276 1919
1049,+49 89 74460
1050,+49 89 74461144
1051,+44 844 844 8888
1052,+94 11 4 216 065
1053,+94 11 4 216 061
1054,+94 112 650 805
1055,+94 11 2 650 805
1056,+1 212 883 2299
1057,+1 206 910 6225
1058,+1 312 701 8713
1059,+231 227083
1060,+231886510417
1061,+266 22310984
1062,+266 22224300
1063,+266 2231 0984
1064,+370 37 353325
1065,+370 37 300736
1066,+370 37 300643
1067,+49 941 5955959
1068,+49 941 595590
1069,+45 299 94400
1070,+1 310 402 2491
1071,+1 310 402 2487
1072,+442033880601
1073,+371 6708 5858
1074,+371 6782 0153
1075,+371 6721 1241
1076,+218 21 3400020
1077,+218 21 3400039
1078,+218 91 2123880
1079,+218 21 3614170
1080,+212 537 20 38 62
1081,+212 537 71 84 08
1082,+212 537 71 86 01
1083,+34 915 805 089
1084,+34 915 804 907
1085,+33 549738083
1086,+33 5 49 73 74 75
1087,+49 89 36098
1088,+34 932 329 544
1089,+34 932 654 145
1090,+39 059 590511
1091,+1 310 252 3527
1092,+377 98 98 88 00
1093,+377 97 98 56 57
1094,+1 404 521 1743
1095,+1 404 335 3000
1096,+373 22 54 52 64
1097,+373 22 541000
1098,+373 22 54 49 56
1099,+373 22 54 52 66
1100,+382 20 414 290
1101,+382 20 414 283
1102,+382 67 313 222
1103,+01 310 247 2190
1104,+01 310 247 2165
1105,+261 20 22 299 57
1106,+261 20 22 369 82
1107,+261 33 11 036 17
1108,+261 33 12 043 40
1109,+1 614 692 6640
1110,+1 614 692 3452
1111,+389 2 3256561
1112,+223 20 29 94 13
1113,+223 77 28 52 51
1114,+95 67 407227
1115,+95 67 407535
1116,+95 67 3407626
1117,+33 139308315
1118,+976 11 320 210
1119,+976 11 318 048
1120,+853 28716636
1121,+853 28716606
1122,+61 3 990 56171
1123,+1 202 903 4422
1124,+1 670 483 3264
1125,+1 670 235 0965
1126,+222 46 46 83 17
1127,+222 36 30 76 01
1128,+1 664 491 6386
1129,+356 2340 8000
1130,+44 1865332211
1131,+33139308300
1132,+960 311222
1133,+960 3343088
1134,+960 771803
1135,+603 8008 2000
1136,+603 8008 2020
1137,+258 21 492601
1138,+258 823 003920
1139,+258 21 494755
1140,+264 88 624273
1141,+264 81 124 6733
1142,+61 477 385 759
1143,+1 703 925 6999
1144,+1 212 407 8000
1145,+1 212 888 7931
1146,+687 278 203
1147,+687 278 201
1148,+687 287 172
1149,+687 267 645
1150,+227 20 73 58 12
1151,+227 20 72 21 80
1152,+227 20 72 27 75
1153,+227 20 72 58 12
1154,+672 3 23850
1155,+672323850
1156,+234 9094531463
1157,+234 8022912202
1158,+1 703 889 5778
1159,+1 703 889 5779
1160,+505 278 3142
1161,+505 278 3141
1162,+1 503 671 6453
1163,+1 503 646 6926
1164,+81 3 3773 8409
1165,+81 3 3773 1259
1166,+81 3 5533 9829
1167,+358 0 10 44 81 002
1168,+358 0 10 44 88 000
1169,+90 212 603 62 04
1170,+90 530 460 52 31
1171,+977 1 4445920
1172,+977 1 4439360
1173,+674 5587116
1174,+674 5573086
1175,+49 89 921 858 41
1176,+81 3 6838 5590
1177,+46 8 452 35 00
1178,+683 4237
1179,+46 8 452 35 02
1180,+683 4235
1181,+64 4 495 2115
1182,+492196761962
1183,+968 24222081
1184,+968 24222082
1185,+968 24222086
1186,+41 32 343 69 11
1187,+41 32 343 68 11
1188,+4570205872
1189,+4546907111
1190,+353 1 791 8569
1191,+49 180 5522944
1192,+49 180 5522744
1193,+353 1 854 1100
1194,+91 07940503219
1195,+91 8374000134
1196,+33 320827332
1197,+33 320839928
1198,+507 560 3401
1199,+507 560 3506
1200,+507 560 3148
1201,+90 555 001 66 80
1202,+54114894 3588
1203,+51 1 7020000
1204,+689 40 544 860
1205,+689 40487287
1206,+689 40463705
1207,+689 40 532 801
1208,+852 5 8085724
1209,+31402740552
1210,+31622470330
1211,+31402743489
1212,+41 58 323 23 23
1213,+41 58 323 23 24
1214,+48 22 380 8200
1215,+48 22 380 8201
1216,+64 9 3660186
1217,+64 9 3660187
1218,+41 31 350 31 10
1219,+41 31 350 34 50
1220,+1 973 716 6632
1221,+39 02 43002
1222,+39 011 6502429
1223,+1 781 823 8911
1224,+595 21 334 650
1225,+595 21 585550
1226,+595 21 310 587
1227,+595 21 585554
1228,+974 44995344
1229,+974 44830630
1230,+9744995312
1231,+1 425 404 0814
1232,+1 818 739 0683
1233,+41 79 203 4075
1234,+1 860 277 5147
1235,+1 860 277 5150
1236,+49 9352 18 1385
1237,+55 21 39711818
1238,+61 3 9925 8694
1239,+61 3 9925 3185
1240,+40 21 4057200
1241,+40 21 316 5340
1242,+40 21 316 1084
1243,+381 11 7281281
1244,+381 11 7281282
1245,+7 495 730 29 68
1246,+7 495 730 29 69
1247,+7 495 730 29 71
1248,+49 201 3202 571
1249,+49 201 3202 9571
1250,+250788424148
1251,+49 201 12 15143
1252,+49 201 12 15372
1253,+966114619497
1254,+966114618216
1255,+966114618179
1256,+49 6894 93 96 251
1257,+49 6894 9396 250
1258,+81 3 5332 7070
1259,+82 70 4310 9630
1260,+82 70 4317 8217
1261,+82 2 2028 0011
1262,+4533886101
1263,+4533886365
1264,+33 1 41 24 54 08
1265,+33 1 41 24 52 16
1266,+677 30003
1267,+677 43119
1268,+677 43360
1269,+612 9430 3047
1270,+248 2513532
1271,+248 2521188
1272,+248 4324056
1273,+448700118187
1274,+442074218299
1275,+66 2 544 6035
1276,+66 2 2448261
1277,+66 2 544 4948
1278,+66 2 2448164
1279,+49 461 5050350
1280,+24983766122
1281,+24983766729
1282,+249912148139
1283,+46 8 562 860 10
1284,+34 94 4817500
1285,+34 94 481 8110
1286,+352 710 725 227
1287,+352 710 725 712
1288,+61 2 8777 7180
1289,+61 2 8777 7213
1290,+497251 75 5278
1291,+49 7251 75 505229
1292,+65 6659 2534
1293,+44 1225 580 550
1294,+290 2598
1295,+852 2820 0418
1296,+44 87 0011 8187
1297,+44 207 421 7790
1298,+386 1 4798899
1299,+386 1 4798800
1300,+421 2 350 350 30
1301,+421 2 350 350 39
1302,+44 2079007112
1303,+44 7713264238
1304,+232 22 235981
1305,+232 22 224439
1306,+378 0549 886111
1307,+378 0549 886188
1308,+6325116132
1309,+221 33 8219190
1310,+221 33 821 91 90
1311,+33153256000
1312,+33171825805
1313,+252 61 8250991
1314,+252 61 8250888
1315,+252 1 231 599
1316,+252 1 587 1200
1317,+41 21 612 3071
1318,+41 21 612 3070
1319,+597 8809685
1320,+597 8500027
1321,+211 922338781
1322,+239 12 22753
1323,+49 6039 922616
1324,+49 6039 922699
1325,+912266301126
1326,+912266305050
1327,+1 208 685 1857
1328,+1 7027576555
1329,+7 499 196 49 84
1330,+61398661970
1331,+18299473020
1332,+41 58 461 89 49
1333,+41 58 460 55 49
1334,+963 11 3937047
1335,+963 11 3937079
1336,+963 11 3937096
1337,+268 404 0627
1338,+1 612 696
1339,+91 22 6665 7782
1340,+91 22 6665 8282
1341,+90 850 8850888
1342,+90 850 8850804
1343,+235 63 31 90 90
1344,+235 66 23 16 68
1345,+44 20 7467 6451
1346,+44 20 7467 6450
1347,+65 6222 0210
1348,+65 6222 0105
1349,+1 215 293 6509
1350,+22822256666
1351,+22822236380
1352,+22822255555
1353,+22822236394
1354,+66 2 564 8040
1355,+66 2 564 8039
1356,+1 800 914 8922
1357,+1 800 842 2522
1358,+43 512 5354
1359,+435125354
1360,+922 372 231178
1361,+992 372 231169
1362,+992 372 231178
1363,+31 20 531 5721
1364,+31 20 531 5725
1365,+690 3101
1366,+670 3311415
1367,+64 9 446 6370
1368,+993 12 353692
1369,+993 12 398729
1370,+216 71 846 100
1371,+216 71 846 600
1372,+1 415 462 3014
1373,+1 415 789 0522
1374,+86 13915996396
1375,+86 2586883476
1376,+86 02586883476
1377,+86 15261877642
1378,+33 2 41 18 28 29
1379,+33 2 41 18 28 28
1380,+1 868 483 4454
1381,+1868 483 4454
1382,+1 703 948
1383,+91 44 66857750
1384,+91 44 66857717
1385,+886 2 2341
1386,+886 2 2396
1387,+255 22 2412010
1388,+255 22 2199760
1389,+1 415 672 3654
1390,+1 978 359 5830
1391,+380 50 381 4604
1392,+44 20 7568 7648
1393,+256 75 707096
1394,+256 41 340451
1395,+256 41 340456
1396,+1 256 041 340456
1397,+44 1865 332299
1398,+44 1865 332211
1399,+86 150 1138 0586
1400,+55 11 3038 8627
1401,+598 2408 3901
1402,+598 2401 5843
1403,+598 2 401 5843
1404,+998 71 2384248
1405,+998 71 2384200
1406,+1 610 669 1000
1407,+1 610 503 5737
1408,+1 784 457 2880
1409,+1 784 457 1007
1410,+58 212 9090329
1411,+58 212 9936794
1412,+58 212 9090435
1413,+58 212 9090466
1414,+1 340 776
1415,+1 650 554 3980
1416,+65 6437 5800
1417,+55 11 3430
1418,+84 24 35564944
1419,+84 24 37821462
1420,+41 71 6772022
1421,+41 71 6772020
1422,+678 27621
1423,+678 27440
1424,+541148943588
1425,+33 1 64 05 47 50
1426,+33 1 60 62 13 00
1427,+44 1865 332470
1428,+44 141 637 7111
1429,+44 141 221 9789
1430,+44 20 7421 8274
1431,+1 3026365400
1432,+1 3026365454
1433,+1 760 602 3099
1434,+685 20926
1435,+1 760 602 3000
1436,+685 20932
1437,+1 310 301
1438,+91 11 4820 2011
1439,+91 11 4820 2013
1440,+86 20 6622 2813
1441,+358 44 7301 607
1442,+358 20 155 8869
1443,+82 61 820 1176
1444,+7 7172 92 55 52
1445,+7 7172 92 54 11
1446,+359 2 9037211
1447,+359 2 9037213
1448,+359 2 9037212
1449,+7 495 730 29 65
1450,+86 20 6622 2543
1451,+94 11 2650805
1452,+94 11 4216061
1453,+94 11 2650912
1454,+94 11 4216065
1455,+380442309344
1456,+380503538629
1457,+886 2 23411313
1458,+886 2 23968832
1459,+86 10 82512114
1460,+86 10 82688382
1461,+976 11 320210
1462,+976 11 318048
1463,+213 21 91 54 34
1464,+213 21 91 62 10
1465,+249 157898500
1466,+249 912347826
1467,+249 183766729
1468,+995 555 482 482
1469,+995 32 249 00 49
1470,+995 32 98 89 24
1471,+852 3972 2211
1472,+86 13980716857
1473,+66 2 564 8033
1474,+66 2 564 8034
1475,+66 2 244 8261
1476,+66 2 244 8264
1477,+79649772117
1478,+86 10 58846931
1479,+86 10 58846999
1480,+202 3534 1115
1481,+202 3534 1116
1482,+202 3534 7000
1483,+974 44995312
1484,+970 8 2861617
1485,+970 8 2861618
1486,+967 771715858
1487,+967 1 270848
1488,+967 1 7521403
1489,+967 777009890
1490,+260 211 378200
1491,+263 4 708981
1492,+263 4 791701
1493,+33 1 55 06 16 86
1494,+442085818058
1495,+447919185095
1496,+021152808563
1497,+33 4 72 67 02 74
1498,+33472670274
1499,+48 22 726 70 90
1500,+34 934 804 430
1501,+5255 53983982
1502,+962 6 568 5755
1503,+525553983982
1504,+380522561842
1505,+507 3971572
1506,+38612927960
1507,+54 11 4671 9179
1508,+216 71 38 38 60
1509,+40 7020 0422
1510,+386 1 29 27 960
1511,+541146719179
1512,+21671383860
1513,+45 7020 0422
1514,+49 211 522 890 94
1515,+49 0211 52808563
1516,+34 93 480 44 30
1517,+34934804430
1518,+34 934 804 422
1519,+39 059 557250
1520,+39 059 579022
1521,+39059557250
1522,+6285510257501
1523,+33 01 44 27 03 30
1524,+33 01 40 29 93 33
1525,+33 01 55 80 79 11
1526,+33 6 52 03 13 47
1527,+44 227 764 000
1528,+45 35320705
1529,+44 131 650 6351
1530,+45 35320719
1531,+44 131 650 6358
1532,+44 1243 770332
1533,+44 1243 775878
1534,+61 3 9282 2400
1535,+44 227 361265
1536,+44 227 452 196
1537,+61 3 9282 2490
1538,+1 301 816 4231
1539,+1 301 468 6758
1540,+33 99 84 73 50
1541,+33 42 95 20 73
1542,+44 76 86 10
1543,+46 18 18 11 13
1544,+33 76 63 48 31
1545,+44 76 86 00
1546,+49 89 23031 1275
1547,+61 02 9351 7290
1548,+358 0 7084 4441
1549,+61 02 9351 7408
1550,+358 0 70 851
1551,+44 01865 273275
1552,+46 18 18 14 16
1553,+49 89 23031 1160
1554,+33 42 59 50 96
1555,+44 1223 312393
1556,+33 76 54 76 15
1557,+44 01865 273238
1558,+1 615 574
1559,+47 73 50 33 52
1560,+30539221
1561,+1 519 888 4567
1562,+30536417
1563,+358 9 708 44164
1564,+1 519 885 1208
1565,+358 9 7084 4441
1566,+1 562 985
1567,+358 9 7084 4227
1568,+358 9 708 44441
1569,+206656463
1570,+43 664 73131771
1571,+1 972 708 7482
1572,+1 617 623 3745
1573,+139361631
1574,+183187720
1575,+16777216
1576,+44 7756 165803
1577,+49 3222 109 5130
1578,+1 212 848 1750
1579,+611800934125
1580,+46767069177
1581,+461070983
1582,+46107098300
1583,+46739509634
1584,+977 1 4256909
1585,+977 1 4256910
1586,+468303785
1587,+852 2918 4321
1588,+852 2918 4320
1589,+86 531 86112997
1590,+86 27 68895743
1591,+86 25 86618405
1592,+86 755 83366138
1593,+86 28 67692288
1594,+86 21 68798999
1595,+86 10 80480080
1596,+86 29 89623898
1597,+86 20 87353028
1598,+852 23122193
1599,+852 2518 5111
1600,+852 2554 7704
1601,+852 34008930
1602,+12026334600
1603,+12026334646
1604,+12026332921
1605,+441980862244
1606,+45 33 41 81 41
1607,+33 1 42 72 99 00
1608,+33 1 55 89 01 10
1609,+44 7460 899 071
1610,+43 662 876246
1611,+43 662 881393 0
1612,+44 7970 492 858
1613,+852 2576 5088
1614,+442079422000
1615,+86 571 95017
1616,+0800 2021
1617,+86 20 32644688
1618,+86 20 3264 0059
1619,+0800 2012
1620,+886 2 2325 9390
1621,+86 21 65358805
1622,+30 2109239186
1623,+30 210 9239186
1624,+30 210 9000 915
1625,+30 210 9230420
1626,+30 210 9231654
1627,+030 210 894 2300
1628,+0302108942300
1629,+30 210 894 2300
1630,+302108942300
1631,+41 41 760 64 66
1632,+49 302 579 75000
1633,+49 172 311 55 86
1634,+44 1865 6 12345
1635,+44 1865 270445
1636,+44 1865 270444
1637,+44 1865 288391
1638,+44 1865 276926
1639,+44 1865 283792
1640,+44 1865 856800
1641,+44 1865 273179
1642,+44 1865 273743
1643,+44 1865 613456
1644,+44 1865 283720
1645,+44 1865 283260
1646,+44 1865 273023
1647,+44 7825 408322
1648,+44 1865 283789
1649,+44 1865 273172
1650,+44 1865 273766
1651,+44 1865 273389
1652,+44 1865 283715
1653,+44 1865 273656
1654,+44 1865 273708
1655,+44 1865 283763
1656,+44 1865 273662
1657,+32 488 95 45 78
1658,+44 1865 272000
1659,+44 1865 275514
1660,+44 1865 275515
1661,+44 01865 275597
1662,+44 1865 275622
1663,+44 01865 285735
1664,+44 1865 285465
1665,+44 1865 275530
1666,+44 1865 275524
1667,+44 1865 270999
1668,+44 1865 277 293
1669,+12143781500
1670,+12149786457
1671,+16183518463
1672,+18006057057
1673,+49 170 3385 222
1674,+495219245926
1675,+491729477469
1676,+4797093999
1677,+33140604444
1678,+491725274631
1679,+491729477468
1680,+495219245927
1681,+4915153591096
1682,+495219245911
1683,+495219245913
1684,+4915159947667
1685,+491725274630
1686,+495219245922
1687,+491715851127
1688,+491601858439
1689,+491729477471
1690,+495219245915
1691,+495219245912
1692,+49521924590
1693,+49366049122
1694,+4915140741817
1695,+495219245925
1696,+491725265926
1697,+491753601248
1698,+491726269878
1699,+491749659340
1700,+495219245930
1701,+491728683015
1702,+491729477472
1703,+41798974477
1704,+491729477467
1705,+491729477470
1706,+495219245921
1707,+491729497449
1708,+495219245919
1709,+41768023730
1710,+49 605 197 555
1711,+43 5572 22826
1712,+1 310 881 6199
1713,+1 305 390 8226
1714,+44 20 7608 6571
1715,+44 20 7833 8181
1716,+1 425 793 5132
1717,+44 20 7608 6795
1718,+1 954 632 6135
1719,+44 20 7608 6462
1720,+420 266 782 200
1721,+40 745 232 312
1722,+43 664 80892 2263
1723,+46 40 649 20 00
1724,+39 0472 273329
1725,+421 902 903 212
1726,+64 9 8287155
1727,+79 052 643 355
1728,+65 6844 5800
1729,+31 20 235 2300
1730,+381 60 5444 813
1731,+43 5572 509 1125
1732,+49 30 72 39 77
1733,+49 5261 212 3725
1734,+86 10 6505 4601
1735,+49 5261 212 4840
1736,+39 02 667451
1737,+39 02 66745310
1738,+56 2240 53344
1739,+39 06 86580361
1740,+39 051 763088
1741,+44 0191 301 3939
1742,+352 26 44 0350
1743,+39 06 86391946
1744,+49 30 7 21 81 13
1745,+971 43404646
1746,+44 56 0109 1138
1747,+39 051 763391
1748,+61 1300 139 965
1749,+34 916 593 076
1750,+1 845 691 6289
1751,+385 1 6404 080
1752,+43 1 25826010
1753,+386 31 664 035
1754,+32 3 886 25 00
1755,+36 1 450 2490
1756,+61 2 98399875
1757,+43 5572 390
1758,+43 5572 395 45236
1759,+420 266 782 201
1760,+32 3 860 93 93
1761,+43 5572 509 575
1762,+48 608 333 274
1763,+41 44 305 35 35
1764,+43 5572 509
1765,+1 845 691 6262
1766,+420 266 782 212
1767,+43 1 258 26 01
1768,+43 664 80892 3101
1769,+49 2373 9276
1770,+4961519698170
1771,+493069531470
1772,+49306953147
1773,+49 30 6953147
1774,+49 69 7431
1775,+49 821 5586
1776,+49 5250 511 0
1777,+49 5250 511 130
1778,+49 2502 804
1779,+49 2502 7990
1780,+49 8723 20
1781,+49 30 617 914 11
1782,+49 30 617 914 0
1783,+1 617 375 9380
1784,+49 89 85 63 09 8
1785,+1 617 348 2114
1786,+91 124 257 0888
1787,+91 124 257 8088
1788,+49 69 6560 9329
1789,+49 69 6560 9330
1790,+49 89 381617
1791,+43 1 890 5260 99
1792,+43 1 890 5260
1793,+49 69 25 62 62 62
1794,+86 22 581918 14
1795,+86 22 581918 90
1796,+49 69 25 62 62 99
1797,+49 221 940 80 5
1798,+49 30 2902568
1799,+41 61 50121
1800,+49 30 202 376 45
1801,+49 30 202 376 45 9
1802,+86 10 57 85 31 92
1803,+86 10 57 85 31 93
1804,+49 711 664 822 28
1805,+49 711 664 822 0
1806,+49 30 399903
1807,+49 40 4191669
1808,+49 30 615 9151
1809,+49 30 615 9248
1810,+49 30 208 864 10
1811,+49 30 208 864 122
1812,+49 40 360 91 66 0
1813,+86 21 5436 2325
1814,+49 40 360 91 66 319
1815,+49 351 47770
1816,+49 9131 81138
1817,+49 711 16654
1818,+48 71 37196
1819,+49 221 91659
1820,+86 21 35 01 04 10
1821,+49 30 201 77 12
1822,+49 221 257 49
1823,+90 212 252 44 78
1824,+49 40 33 62 32
1825,+49 341 963 55
1826,+49 40 46 000
1827,+49 170 7968128
1828,+49 221 209 00
1829,+49 89 740 04 04
1830,+86 755 2683 4312
1831,+86 21 33 62 60 30
1832,+86 10 5785 3990
1833,+49 711 964 19
1834,+90 212 252 44 77
1835,+49 30 311 63 454
1836,+49 89 5999 49 20
1837,+49 331 2738756
1838,+493312738756
1839,+32 2 420 68 60
1840,+852 341 4888
1841,+1 646 736 1888
1842,+31 085 760 57 57
1843,+33 1 79 06 77 00
1844,+44 027484 9700
1845,+33 1 79 06 76 64
1846,+49 221 99 20 79
1847,+49 40 30 70 91 39
1848,+49 89 38667 994
1849,+49 211 86704
1850,+49 30 390497
1851,+49 711 342193
1852,+49 341 98485
1853,+39 041 5218711
1854,+49 5141 5055
1855,+49 7904 29899
1856,+49 521 783
1857,+49 531 209004
1858,+49 3473 22503
1859,+49 8024 90228
1860,+49 2043 9889010
1861,+49 4193 9911
1862,+49 35723 99
1863,+31 43 3689
1864,+49 662 59218
1865,+49 9435 391
1866,+49 7951 9373
1867,+49 9323 31
1868,+49 5246 507
1869,+49 2822 8111
1870,+49 7744 57
1871,+49 7254 209
1872,+49 2351 151
1873,+49 511 61070
1874,+49 391 30052
1875,+45 9652 0710
1876,+49 611 962
1877,+49 731 3984
1878,+49 2363 605
1879,+49 7731 941
1880,+49 1520 3958324
1881,+49 170 9895222
1882,+49 5242 5989
1883,+49 36941 785
1884,+49 89 58808594
1885,+49 33608 89910
1886,+49 6251 62983
1887,+49 6364 9210
1888,+49 30 3943093
1889,+49 611 21388
1890,+49 7072 131
1891,+49 8067 8819295
1892,+49 171 6061160
1893,+49 2522 8340
1894,+49 34327 629110
1895,+49 7371 1806
1896,+49 2536 34674
1897,+49 30 613924
1898,+49 3771 5674
1899,+49 3338 7535
1900,+49 5164 800684
1901,+49 241 13271
1902,+49 5052 9822
1903,+43 1616 5658
1904,+49 5341 21
1905,+49 3632 66747
1906,+49 3322 125059
1907,+49 2624 950940
1908,+49 30 538963
1909,+49 7347 9588820
1910,+49 5751 9936880
1911,+49 3533 67
1912,+49 5066 7078
1913,+49 34924 707
1914,+49 2632 2577
1915,+49 251 7603
1916,+49 38459 661
1917,+49 2207 8476
1918,+49 3871 6212
1919,+49 8293 965008
1920,+49 7166 5777
1921,+49 721 9513476
1922,+49 2630 98760
1923,+49 251 7188
1924,+49 9233 7714
1925,+49 5432 83
1926,+43 6542 690844
1927,+49 5406 69995
1928,+49 2102 493
1929,+49 9852 9009
1930,+49 7032 9783
1931,+49 511 27953
1932,+49 900 3776347
1933,+49 8324 921
1934,+49 2102 4930
1935,+49 2157 1413
1936,+49 3535 4007
1937,+49 7940 141
1938,+49 6171 61014
1939,+49 30 656607
1940,+49 5528 910
1941,+49 511 97369
1942,+49 711 8807
1943,+49 651 9102
1944,+49 2932 90280
1945,+49 6131 96008
1946,+43 7619 22122
1947,+49 281 95250
1948,+49 511 260967
1949,+49 8051 690970
1950,+49 8342 912
1951,+49 38454 55
1952,+49 7322 1333
1953,+49 2330 63
1954,+49 40 788933
1955,+49 8221 3616
1956,+49 2853 9130
1957,+49 9503 5047
1958,+49 5265 955090
1959,+49 9843 9897
1960,+49 6258 902784
1961,+49 7940 153403
1962,+49 2303 2802
1963,+49 2263 92925
1964,+49 7129 695
1965,+49 2173 970
1966,+49 6122 70463
1967,+49 5161 602865
1968,+49 6026 50197
1969,+49 561 8295
1970,+49 541 601
1971,+49 821 5901
1972,+49 9220 18
1973,+49 6192 401
1974,+49 6154 71
1975,+49 228 95352
1976,+49 211 91369
1977,+49 5422 9447
1978,+49 421 8789000
1979,+49 9543 8426
1980,+49 7472 94999
1981,+49 6701 9350
1982,+49 731 4097
1983,+49 641 6009
1984,+49 571 38780
1985,+49 39266 94180
1986,+49 2302 664
1987,+43 662 8588
1988,+49 5702 8392
1989,+43 5 9494
1990,+49 821 4802
1991,+49 5231 953
1992,+49 8265 911
1993,+49 40 7883
1994,+49 721 5169
1995,+49 7946 9250
1996,+49 911 27065
1997,+43 7682 2671
1998,+49 5181 8012
1999,+49 551 304
2000,+49 2181 66
2001,+49 7191 96933
2002,+49 7042 8310
2003,+49 201 83606
2004,+49 30 590099
2005,+49 228 410 29 49
2006,+49 351 21 590
2007,+496921238844
2008,+4969212
2009,+00000556
2010,+00000003
2011,+05000429
2012,+00000527
2013,+00000511
2014,+00000526
2015,+10000052
2016,+00000501
2017,+00000521
2018,+00000518
2019,+00000515
2020,+00000551
2021,+05000230
2022,+49 251 97440270
2023,+49 521 65384
2024,+49 521 964340
2025,+49 89 2488383
2026,+49 30 2787 77 0
2027,+49 5250 511
2028,+49 7844 40 2800
2029,+49 7844 40 20
2030,+49 52 424102 134
2031,+49 52 424102 0
2032,+49 7642 68 98 44
2033,+49 7642 68 98 0
2034,+49 2355 806 558
2035,+49 7264 91 64
2036,+49 40 64 50 43 21
2037,+49 40 23 99 44 59
2038,+49 281 81935
2039,+41 31 720 73 40
2040,+41 31 720 72 72
2041,+49 89 599 959 0
2042,+49 89 599 959 90
2043,+49 7043 955595
2044,+49 5102 7000
2045,+49 2761 891
2046,+49 40 883076
2047,+49 9736 41
2048,+49 951 1801
2049,+49 5204 9955
2050,+49 6071 8232
2051,+49 180 5009690
2052,+49 7551 8099
2053,+49 2751 803
2054,+49 621 501
2055,+49 6151 15368
2056,+49 611 1707
2057,+49 2734 2738
2058,+49 2043 408
2059,+49 9434 208
2060,+49 9091 90898
2061,+49 8684 908
2062,+49 2841 8888
2063,+49 40 469658
2064,+49 6104 937600
2065,+49 2236 392660
2066,+49 6874 69
2067,+43 6216 4108
2068,+31 575 518310
2069,+49 40 69407
2070,+49 421 522780
2071,+49 8104 89420
2072,+49 2378 910041
2073,+49 5425 801
2074,+49 7150 97406
2075,+49 4443 9669
2076,+49 211 797
2077,+49 8821 9569
2078,+49 7361 9490
2079,+49 6041 820380
2080,+49 5936 12
2081,+49 211 22059413
2082,+49 8251 91
2083,+49 7552 934
2084,+49 9427 189
2085,+49 2872 9535
2086,+49 2722 6382
2087,+49 33701 22
2088,+49 221 97061
2089,+49 30 68283
2090,+49 9955 93090
2091,+49 7162 948150
2092,+49 36967 5937
2093,+49 5253 40599
2094,+49 2623 8007
2095,+49 36922 88
2096,+49 5934 7035
2097,+49 40 7611978
2098,+49 2689 92790
2099,+49 6443 8198
2100,+49 9954 70017
2101,+49 6443 8112
2102,+49 5258 9828
2103,+49 2651 4019300
2104,+49 7161 65883
2105,+49 6466 91320
2106,+49 7442 8438
2107,+49 209 95880
2108,+49 2841 789
2109,+49 7443 12
2110,+49 6532 93299
2111,+49 4473 76940000
2112,+49 7223 951189
2113,+49 621 68172300
2114,+49 2131 14
2115,+49 7031 6084
2116,+43 5522 41646
2117,+49 8321 6642
2118,+49 9371 66822
2119,+49 911 64200
2120,+49 4962 505
2121,+49 9074 70696
2122,+49 581 97353
2123,+49 7222 958
2124,+49 2153 918
2125,+49 7172 304
2126,+49 6202 85933
2127,+49 2333 9877
2128,+49 7774 9227
2129,+49 2203 9804311
2130,+49 7022 6003
2131,+33 389 371084
2132,+49 8979 37150
2133,+49 711 9751
2134,+49 6022 812020
2135,+49 2982 9214
2136,+49 4268 933
2137,+49 7802 9277
2138,+49 2505 1208
2139,+49 821 710641
2140,+49 8124 1053
2141,+49 8034 3056
2142,+49 2262 69945
2143,+49 8708 92110
2144,+49 5274 98680
2145,+49 7975 9570
2146,+49 8237 9625
2147,+49 6762 4022
2148,+49 4484 9289
2149,+49 7358 960
2150,+49 9442 9203
2151,+49 8342 9614
2152,+49 2522 2270
2153,+49 5951 9566
2154,+49 3391 51960
2155,+49 6298 91200
2156,+49 7564 9320
2157,+49 5952 9311
2158,+49 36648 438
2159,+49 5244 92545
2160,+49 3921 9300
2161,+49 4331 354
2162,+49 2371 971
2163,+49 2572 156
2164,+49 7225 977
2165,+49 3877 5650
2166,+49 6257 9306
2167,+41 62 86575
2168,+49 5634 9947
2169,+49 8762 733
2170,+49 5171 8016555
2171,+49 5424 2920
2172,+49 3624 31787
2173,+49 5225 8799
2174,+49 8732 24
2175,+49 5904 9393
2176,+49 8572 17
2177,+49 89 749867
2178,+49 7223 967
2179,+49 5642 6007
2180,+49 6703 910
2181,+49 9324 309
2182,+33 9 67 16 07 44
2183,+33 3 88 83 07 44
2184,+36 1 417 3121
2185,+47 938 98 100
2186,+385 32 416 916
2187,+385 32 416 796
2188,+4560542165
2189,+45 60 54 21 65
2190,+43 1 523 53 36 10
2191,+45 4170 1500
2192,+4541701500
2193,+45 70 60 55 33
2194,+49 711 685
2195,+49 7151 1693113
2196,+9718000320823
2197,+34 518 880 290
2198,+33 7 57 90 52 73
2199,+49 89 2555 2276
2200,+442035146970
2201,+44 20 3514 6970
2202,+32 2 5884067
2203,+41 22 5180349
2204,+36 1 700 82 25
2205,+33 4 81680035
2206,+49341 96219868
2207,+49 6221 6744920
2208,+43 512 219118
2209,+41 43 5080207
2210,+49 30 9362 2240
2211,+49 30 93622240
2212,+43 1 89 72 336
2213,+44 2076 80 7600
2214,+36 1 883 50 05
2215,+31 208 880 300
2216,+852 5803 8888
2217,+34 932 204 600
2218,+91 22 66213333
2219,+44 20 7734 5188
2220,+15555555555
2221,+44 20 30060076
2222,+44 20 7870 0000
2223,+34 935 221 552
2224,+49 30 255 59 445
2225,+49304849110
2226,+49 30 80 94 15 0
2227,+493048493773
2228,+49 30 7556670
2229,+49 30 2000 34 10
2230,+4930337777
2231,+49 30 220000
2232,+49 30 220002100
2233,+49 30 220001000
2234,+49 175 2076637
2235,+49 221 8275 2774
2236,+62 856 93424328
2237,+49 421 40 89 52 32
2238,+420800111212
2239,+44800 667 8277
2240,+443451556367
2241,+44800667827
2242,+385 99 217 9245
2243,+38763899095
2244,+387 63 899 095
2245,+385992179245
2246,+385 99 733 2186
2247,+385997332186
2248,+385997383539
2249,+018002662738
2250,+632 849 3600
2251,+448081689320
2252,+49 151 62875183
2253,+18559632422
2254,+852800931928
2255,+3531800200552
2256,+64800467044
2257,+658008526343
2258,+49 30 767 339 040
2259,+49 30 349 964
2260,+49 30 695972 80
2261,+49 157 31410651
2262,+49 30 81058758
2263,+49 30 443 51 90 0
2264,+49 30 7262080
2265,+49 30 20 21 577 0
2266,+49 30 340 609 420
2267,+49 30 7808 7858
2268,+49 30 847108300
2269,+49 30 120 844 0
2270,+49 211 74959690
2271,+49 30 686 020 3
2272,+49 30 2100 5740
2273,+49 30 3185 0
2274,+49 30 253915 11
2275,+49 30 28873093
2276,+49 30 656610 0
2277,+49 30 60 94 10 19
2278,+49 30 3992660
2279,+49 30 5019
2280,+49 30 3151935 0
2281,+49 30 5858 3080
2282,+49 30 21994 111
2283,+49 30 477 05 0
2284,+49 30 76 68 37 5
2285,+49 30 314 28033
2286,+49 30 13889
2287,+49 30 314
2288,+49 30 43 73 90 90
2289,+49 30 43739090
2290,+49 6195 7248326
2291,+49 30 339 389 40
2292,+30 35133793
2293,+49 30 27 87 99
2294,+44 20 3953 2923
2295,+44 20 3953 2540
2296,+44 203 953 2650
2297,+49 30 88007
2298,+49 30 28 51 98 0
2299,+49 30 28 51 98 28
2300,+49 176 550 19683
2301,+49 251 6065763
2302,+49 251 6065762
2303,+49 177 522 57 98
2304,+491 776 179 203
2305,+49 170 5525 909
2306,+54 11 4129
2307,+45 20 69 24 08
2308,+4533450588
2309,+45 20 78 71 47
2310,+86 21 2211 3131
2311,+4533450584
2312,+86 21 2211 3142
2313,+45 31 78 62 87
2314,+45 78 74 48
2315,+4578744889
2316,+4531786287
2317,+4530513291
2318,+45 78 74 48 34
2319,+45 78 74 48 99
2320,+45 60 45 46 06
2321,+45 87 32 52 40
2322,+4578744829
2323,+45 33 45 04 62
2324,+45 33 45 05 28
2325,+45 78 74 48 26
2326,+4533450572
2327,+4578744955
2328,+45 33 45 04 65
2329,+4533450520
2330,+4533450592
2331,+4587325207
2332,+4540209096
2333,+4570201900
2334,+45 33 45 05 14
2335,+45 87 32 52 07
2336,+45 33 45 05 10
2337,+45 33 45 05 03
2338,+4578744932
2339,+45 31 12 57 01
2340,+4578744868
2341,+4533450493
2342,+45 78 74 48 84
2343,+4578744933
2344,+4586201900
2345,+4533450532
2346,+4533450523
2347,+45 86 20 19 00
2348,+4587325292
2349,+45 33 45 05 92
2350,+4533450534
2351,+45 31 77 73 58
2352,+86 21 2211 3145
2353,+45 33 45 04 80
2354,+45 33 45 05 35
2355,+45 87 32 53 28
2356,+4578744823
2357,+45 33 45 04 67
2358,+4533450535
2359,+86 21 2211 3132
2360,+4533450537
2361,+86 21 2211 3143
2362,+45 78 74 48 94
2363,+45 78 74 48 30
2364,+45 78 74 48 36
2365,+4533450573
2366,+45 87 32 52 91
2367,+45 20 92 48 38
2368,+45 33 45 05 90
2369,+45 78 74 48 29
2370,+45 33 45 05 94
2371,+4533450510
2372,+4533450518
2373,+4533450524
2374,+45 33 45 05 32
2375,+45 33 45 05 09
2376,+45 78 74 48 89
2377,+4533450476
2378,+4587325328
2379,+4578744884
2380,+4533450463
2381,+45 33 45 05 11
2382,+4587325307
2383,+4533450521
2384,+45 78 74 48 68
2385,+4533450594
2386,+86 21 2211 3062
2387,+4578744899
2388,+45 33 45 05 97
2389,+45 33 45 04 71
2390,+86 21 2211 3148
2391,+45 33 45 05 21
2392,+4578744891
2393,+45 33 45 05 30
2394,+45 78 74 48 05
2395,+4520924838
2396,+45 33 45 05 72
2397,+45 33 45 04 64
2398,+86 21 2211 3137
2399,+45 40 20 90 69
2400,+45 33 45 05 73
2401,+4533450590
2402,+45 78 74 48 33
2403,+45 33 45 04 78
2404,+86 21 2211 3136
2405,+86 21 3325 3371
2406,+45 87 32 52 27
2407,+45 33 45 04 63
2408,+45 87 32 53 07
2409,+45 33 45 05 18
2410,+45 33 45 05 19
2411,+4533450471
2412,+45 33 45 05 23
2413,+45 33 45 05 84
2414,+4578744801
2415,+4533450492
2416,+4533450528
2417,+45 33 45 05 08
2418,+45 33 45 05 37
2419,+45 33 45 05 06
2420,+45 31 62 05 22
2421,+45 87 32 52 21
2422,+45 30 51 32 91
2423,+4531620522
2424,+45 78 74 48 91
2425,+45 33 45 04 92
2426,+4587325240
2427,+4520787147
2428,+45 78 74 48 87
2429,+45 78 74 48 86
2430,+4578744866
2431,+4533450465
2432,+4533450597
2433,+4533450470
2434,+4578744895
2435,+4560454606
2436,+45 33 45 05 34
2437,+4533450464
2438,+45 33 45 04 73
2439,+45 78 74 48 01
2440,+4531125701
2441,+4578744805
2442,+45 78 74 48 95
2443,+45 78 74 48 93
2444,+86 21 2211 3073
2445,+45 78 74 49 49
2446,+86 21 2211 3000
2447,+45 78 74 49 33
2448,+45 78 74 49 32
2449,+45 33 45 04 66
2450,+45 33 45 04 81
2451,+86 21 2211 3144
2452,+45 78 74 48 66
2453,+45 33 45 04 93
2454,+45 78 74 48 44
2455,+45 33 45 04 94
2456,+45 33 45 04 70
2457,+86 21 2211 3004
2458,+45 78 74 48 28
2459,+86 21 2211 3134
2460,+4533450462
2461,+45 33 45 05 13
2462,+45 78 74 48 31
2463,+45 78 74 48 85
2464,+4578744830
2465,+4533450530
2466,+45 78 74 48 27
2467,+4587325291
2468,+45 33 45 05 20
2469,+45 33 45 04 74
2470,+45 33 45 05 16
2471,+45 33 45 04 76
2472,+45 33 45 05 88
2473,+45 78 74 49 55
2474,+45 33 45 04 79
2475,+86 21 2211 3140
2476,+86 21 3325 3353
2477,+4578744844
2478,+4587325221
2479,+45 87 32 52 92
2480,+45 33 45 05 24
2481,+4578744949
2482,+4587325227
2483,+852 3691 8948
2484,+974 44 101 603
2485,+31 10 243 82 00
2486,+1 212 337 0770
2487,+1 212 337 0771
2488,+974 44 101 500
2489,+852 3691 8941
2490,+61 428 507 200
2491,+31 10 243 82 02
2492,+49 30 306 451 030
2493,+49 30 306 451 03 34
2494,+41 43 333 58 68
2495,+41 79 435 81 30
2496,+41 43 333 58 69
