,phone
1,+139361631
2,+183187720
3,+447624800100
4,+44 7624 800100
5,+16777216
6,+17133664426
7,+27 11 026 7323
8,+27 21 674 5830
9,+1 669 900 9128
10,+1 646 558 8656
11,+13462487799
12,+12532158782
13,+16465588656
14,+13017158592
15,+13126266799
16,+1 301 715 8592
17,+1 312 626 6799
18,+1 346 248 7799
19,+1 253 215 8782
20,+16699009128
21,+316 37431190
22,+1 888 415
23,+1 817 920
24,+31 202 414 834
25,+18003044473
26,+31202414834
27,+44 20 7255 0717
28,+18003551185
29,+2325900175
30,+91 120 4345733
31,+65 3157 1399
32,+18175763656
33,+18179451722
34,+223 229 67 07
35,+223 229 44 45
36,+41 22 372 61 62
37,+61 407 242 669
38,+18007375250
39,+18446632255
40,+12125829100
41,+18885232769
42,+353 83 4339341
43,+353 86 3526467
44,+353 83 4349572
45,+44 7925 7211 35
46,+39 389 158 8242
47,+447787055198
48,+86400000
49,+14805624825
50,+34 963 332 802
51,+1 855 438 7580
52,+1 301 315 9631
53,+447545468483
54,+14019215443
55,+18774387369
56,+14845806661
57,+81 3 3517 2795
58,+1 732 321 8100
59,+1 212 943 2290
60,+852 3520 6000
61,+852 2168 0882
62,+1 737 218 6046
63,+31 30 303 33 40
64,+1535694389
65,+1518500249
66,+18889935273
67,+13014434513
68,+13014964763
69,+18663593226
70,+13014965248
71,+18009949662
72,+13014438431
73,+12406450228
74,+18004480440
75,+18004226237
76,+18662324528
77,+18882052311
78,+1774487848
79,+18886746464
80,+18776432644
81,+13015652966
82,+18004111222
83,+18004384380
84,+8774487848
85,+1866616464
86,+18002224225
87,+18002222225
88,+18886446226
89,+18883206942
90,+12022230344
91,+18003529424
92,+18002411055
93,+18006242663
94,+18772264267
95,+18662844107
96,+18664111010
97,+13015928573
98,+12024664315
99,+18008608747
100,+18005052742
101,+18882205446
102,+18003702943
103,+13014027364
104,+18002411044
105,+18664643615
106,+13014954484
107,+39 049 8283
108,+91 80 23537776
109,+44 203 608 7514
110,+1 347 778 0859
111,+525553509083
112,+18778331058
113,+526424390948
114,+39073274076
115,+4570606003
116,+46731533156
117,+441435512460
118,+38943446447
119,+18778507355
120,+88638671369
121,+39067197232
122,+390721404074
123,+524421257127
124,+79279814721
125,+522223800339
126,+4578766667
127,+201002671671
128,+390141943753
129,+97714650054
130,+78005551022
131,+12253307766
132,+527262515539
133,+448008085704
134,+380674299005
135,+19704842023
136,+17274740706
137,+18775088151
138,+19189263262
139,+39832841456
140,+573183309457
141,+390395969335
142,+390984964720
143,+74957400976
144,+45 78 76 66 67
145,+45 70 60 60 03
146,+44 14 3551 2460
147,+44 80 0808 5704
148,+8007375250
149,+19494037429
150,+39 0510 920304
151,+43 12535501
152,+41 445299272
153,+49 6950502596
154,+33 6 67 89 17 18
155,+33 6 42 61 90 90
156,+33 1 7037 9729
157,+33 1 7095 0103
158,+33 1 7037 2246
159,+44 7497 141559
160,+33 1 7095 0350
161,+33 7 5678 4048
162,+49 2151 771909
163,+41 77 441 67 33
164,+49 15115145704
165,+353 21 4867907
166,+55 55 555 5555
167,+442073843040
168,+441142620026
169,+44121 233 1335
170,+442871351329
171,+441619765000
172,+442085192122
173,+448006226000
174,+0289938425
175,+1995683753
176,+9332816861
177,+2092658151
178,+6839850435
179,+9432624956
180,+7116600219
181,+448453906232
182,+44 7910 114739
183,+14164999800
184,+14164998260
185,+18888962440
186,+18886962440
187,+1 646 876 9923
188,+47 22 92 59 00
189,+5117088312
190,+46850520017
191,+31207947345
192,+46 8 5016 3827
193,+84869402526
194,+81 363 628 317
195,+4723960588
196,+61 8 6119 3900
197,+503 2113 9088
198,+4724004735
199,+35725054777
200,+15873281099
201,+57 1 518 9697
202,+358341092129
203,+541159836950
204,+48223065342
205,+35932571633
206,+7 499 951 6379
207,+442080806592
208,+3617010488
209,+35627781288
210,+48223073488
211,+386 1600 3102
212,+442034815237
213,+64 4 886 0026
214,+48 22 398 7356
215,+31 20 794 6520
216,+436703090165
217,+56225739305
218,+370 5214 1488
219,+31 20 794 7345
220,+551146322237
221,+46 8 5050 0828
222,+543434145986
223,+48223987356
224,+82261054111
225,+995706777954
226,+995 3224 73988
227,+50641007699
228,+551146322236
229,+16475580588
230,+36 1 701 0488
231,+35361639031
232,+16473744685
233,+41 22 591 00 05
234,+541120400447
235,+60 3 3099 2229
236,+36 1 408 8456
237,+39 069 480 6488
238,+357 2 200 0888
239,+525586596002
240,+40 37 170 0418
241,+46 8 5052 0017
242,+1 829 947 9220
243,+370 3799 9260
244,+43 120 609 3072
245,+52 554 161 4288
246,+31207946519
247,+56 22 573 9304
248,+27 21 426 8191
249,+351 308 804 188
250,+356 2776 1777
251,+17879451488
252,+1 939 945 0244
253,+3902124128823
254,+54 112 040 0447
255,+45 47 37 25 75
256,+61731853730
257,+372 660 1699
258,+973 1619 8488
259,+5078339588
260,+45 32 70 12 06
261,+442080806591
262,+45 32 72 80 11
263,+97239786688
264,+43 12 535 501
265,+44 208 080 6592
266,+40371700418
267,+33170950103
268,+32 2 585 5574
269,+54 115 983 6950
270,+1 204 272 7920
271,+3227880173
272,+496971049922
273,+503 2136 6444
274,+44 203 481 5240
275,+32 2 788 0172
276,+352 342 080 9265
277,+48 22 306 5342
278,+32 2 788 0173
279,+351308804188
280,+81345781488
281,+356 2778 1288
282,+41 44 529 92 72
283,+3225855574
284,+5726207388
285,+1 787 945 1488
286,+56 232 938 848
287,+56 22 573 9305
288,+34 91 787 0058
289,+421233056888
290,+543415122188
291,+506 4100 7699
292,+357 2 505 4777
293,+552139587888
294,+4532701206
295,+74999516379
296,+496950502596
297,+56 23 210 9066
298,+507 378 2155
299,+421233418515
300,+48 22 307 3488
301,+358 9 4245 1488
302,+40316301088
303,+32 1579 5132
304,+12042727920
305,+352 2786 4277
306,+60330992229
307,+64 9 884 6780
308,+4532728010
309,+60 3 7724 4080
310,+35315369320
311,+27 87 550 3946
312,+37163031808
313,+14388097799
314,+4312535501
315,+52 558 659 6001
316,+61 8 7150 1149
317,+61370182005
318,+61 3 7018 2005
319,+50321139088
320,+64 3 659 0603
321,+420239018272
322,+84 869 402 526
323,+525541614288
324,+358 3 4109 2129
325,+35924925688
326,+353 1 536 9320
327,+4312535502
328,+82 2 6105 4111
329,+6448860026
330,+56225739304
331,+33170950350
332,+43720115988
333,+17789072071
334,+32 2 588 4188
335,+3726601699
336,+81 524 564 439
337,+49 69 7104 9922
338,+4532713157
339,+51 1 730 6777
340,+74952839788
341,+81 3 4578 1488
342,+31207946520
343,+97316197601
344,+421 233 056 888
345,+47 7349 4877
346,+90 850 390 4915
347,+995 7067 77954
348,+421 233 418 515
349,+56412560288
350,+1 829 956 2188
351,+5715189697
352,+56232938848
353,+496938079883
354,+45 89 88 37 88
355,+49 30 5679 5800
356,+6498846780
357,+420538890161
358,+31 20 794 0854
359,+51 1 707 5788
360,+31202410288
361,+1 647 374 4685
362,+35316533898
363,+46 8 5050 0829
364,+6531651065
365,+54 343 414 5986
366,+4773494877
367,+46 8 4468 2488
368,+54 341 512 2188
369,+30 211 198 4488
370,+525586596001
371,+41 43 210 70 42
372,+60 3 7724 4079
373,+4532728011
374,+33 1 8699 5831
375,+39 020 066 7245
376,+44 203 481 5237
377,+371 6303 1808
378,+358 9 7252 2471
379,+390694806488
380,+55 21 3958 7888
381,+3617799126
382,+972 55 330 1762
383,+525568269800
384,+38513000988
385,+27875503946
386,+57 1 518 9698
387,+52 554 169 6926
388,+47 2396 0588
389,+420 2 3901 8272
390,+359 2 492 5688
391,+908503904913
392,+372 880 1188
393,+56 41 256 0288
394,+353 1 240 8941
395,+358972522471
396,+74999516380
397,+995322473988
398,+41432107108
399,+41432107042
400,+65 3158 7288
401,+50321366444
402,+31 20 794 6519
403,+41 31 528 09 88
404,+420 5 3889 0161
405,+55 11 4632 2236
406,+351211202618
407,+35627761777
408,+6436590603
409,+51 1 708 8312
410,+4547372575
411,+27875517702
412,+37037999260
413,+55 11 4632 2237
414,+442034815240
415,+49 695 050 2596
416,+31 20 241 0288
417,+44 208 080 6591
418,+972553301762
419,+60377244079
420,+61280156011
421,+972 3 978 6688
422,+5715140382
423,+5073782155
424,+33186995831
425,+37052141488
426,+3215795132
427,+31 707 006 526
428,+353 6 163 9031
429,+40 31 630 1088
430,+551147009668
431,+353 1 653 3898
432,+41 22 591 01 56
433,+35316533897
434,+507 833 9588
435,+593 962 842 117
436,+525541696926
437,+353 1 653 3897
438,+358942451488
439,+493056795800
440,+43 670 309 0165
441,+30 231 118 0599
442,+57 1 514 0382
443,+44 131 460 1196
444,+35312408941
445,+36 1 779 9126
446,+3523420809265
447,+7 812 426 8988
448,+38618888788
449,+27214268190
450,+3614088456
451,+46850163827
452,+35722000888
453,+420228882388
454,+46850539728
455,+1 647 558 0588
456,+61871501149
457,+371 6303 1888
458,+351 308 810 988
459,+908503904914
460,+39 021 241 28 823
461,+5117075788
462,+46850500828
463,+18299479220
464,+3222909360
465,+45 32 72 80 10
466,+443300885830
467,+34843685025
468,+61861193900
469,+44 330 088 5830
470,+55 11 4680 6788
471,+4589883788
472,+90 850 390 4913
473,+19399450244
474,+420 2 2888 2388
475,+41225910156
476,+3227880172
477,+351308810988
478,+82260222322
479,+551146806788
480,+351 211 202 618
481,+81363628317
482,+47 2400 4735
483,+35227861188
484,+44 203 901 7895
485,+302111984488
486,+352 2786 1188
487,+18299562188
488,+34 917 873 431
489,+359 3 257 1633
490,+60 3 9212 1727
491,+33170379729
492,+1 787 966 7727
493,+7 495 283 9788
494,+49 69 3807 9883
495,+353 1 653 3895
496,+27 87 551 7702
497,+35316533895
498,+7 499 951 6380
499,+43 12 535 502
500,+43 72 011 5988
501,+57 2 620 7388
502,+1 587 328 1099
503,+31707006526
504,+32 2 290 9360
505,+56232109066
506,+41445299272
507,+60392121727
508,+61 7 3185 3730
509,+34 84 368 5025
510,+33170372246
511,+37163031888
512,+38517776333
513,+27 21 426 8190
514,+5715189698
515,+3225884188
516,+442039017895
517,+46 850 539 728
518,+973 1619 7601
519,+5715087702
520,+5117306777
521,+31207940854
522,+385 1777 6333
523,+52 556 826 9800
524,+60377244080
525,+57 1 508 7702
526,+302311180599
527,+431206093072
528,+441314601196
529,+65 3165 1065
530,+27214268191
531,+34917873431
532,+55 11 4700 9668
533,+390200667245
534,+78124268988
535,+45 32 71 31 57
536,+17879667727
537,+38616003102
538,+90 850 390 4914
539,+1 778 907 2071
540,+593962842117
541,+82 2 6022 2322
542,+385 1300 0988
543,+97316198488
544,+61 2 8015 6011
545,+908503904915
546,+386 1888 8788
547,+46844682488
548,+34917870058
549,+41315280988
550,+41 43 210 71 08
551,+81524564439
552,+3728801188
553,+6531587288
554,+52 558 659 6002
555,+35227864277
556,+46850500829
557,+1 438 809 7799
558,+41225910005
559,+390810094088
560,+18668992672
561,+18002738255
562,+90 850 252 65 14
563,+55 800 591 51 00
564,+52 800 461 04 54
565,+3 397 073 81 15
566,+1 855 896 00 41
567,+18014410041
568,+32 16 32 59 80
569,+7096437352
570,+4438227522
571,+2135284551
572,+0191222315
573,+5619704151
574,+6522857750
575,+5413476244
576,+2607362152
577,+18002577810
578,+18883417785
579,+13016563920
580,+10000000
581,+34 900 300 555
582,+34 609 329 344
583,+34 618 001 661
584,+34 626 263 326
585,+34900300555
586,+34609329344
587,+34 618 076 048
588,+882459459
589,+341275144
590,+1 301 315
591,+441608811870
592,+41779421314
593,+41446328840
594,+41 44 632 68 79
595,+41 44 632 73 06
596,+41 77 942 13 14
597,+41446326879
598,+41 44 632 88 40
599,+41 44 632 93 23
600,+41446329323
601,+41 44 632 45 17
602,+41446324321
603,+41446327306
604,+41446324517
605,+41446327529
606,+41 44 632 75 29
607,+41 44 632 76 09
608,+41 44 632 31 55
609,+41 44 632 43 21
610,+41 44 632 51 00
611,+49 700 86627724
612,+31 88 000 0008
613,+1 901 529 4000
614,+41 43 210 05 50
615,+61 2 8031
616,+61 2 8031 0200
617,+1 312 384
618,+1 312 424
619,+13124244288
620,+13123844000
621,+49 621 338330
622,+49 621 3383350
623,+49621338330
624,+1 617 54558 60
625,+49 621 338 33
626,+49 892 15488
627,+49 211 74956
628,+1 617 54558
629,+49 621 33833
630,+30 231 12574
631,+41 525 33833
632,+1 480 624 2546
633,+1 480 505 8800
634,+39 011 003 1111
635,+41 58 585 76 55
636,+41 58 585 56 34
637,+1 202 223 9252
638,+1 202 223 9256
639,+44 2074218299
640,+44 8700118187
641,+1 818 560 1000
642,+1 818 553 7210
643,+97142300018
644,+97126961146
645,+97126717333
646,+97142300011
647,+1 353 1 646
648,+0034934804410
649,+385 1 619 89 99
650,+385 1 619 89 97
651,+27 62 002 3530
652,+46723294370
653,+36 1 883 0456
654,+351 21 934 77 59
655,+420 702 147 232
656,+34 93 207 25 16
657,+36 1 883 0301
658,+90 212 671 29 36
659,+31 88 055 14 00
660,+34 93 207 16 11
661,+370 5 273 00 51
662,+48 22 270 20 98
663,+595991460480
664,+358 40 631 3553
665,+358503079992
666,+358456578746
667,+358504080197
668,+358504759645
669,+1 703 548 2867
670,+1 703 837
671,+1 214 953 0004
672,+1 703 519 8160
673,+34 932 701 180
674,+34 932 701 620
675,+1 202 707 6237
676,+1 202 707 0115
677,+16503198930
678,+1 650 319 8930
679,+31 0303033340
680,+18339662099
681,+18884443659
682,+18008899768
683,+18339433900
684,+55 11 97445
685,+44 203 6555 100
686,+1 215 933 8484
687,+1 267 895 1758
688,+1 617 623 3745
689,+468202516
690,+6493788414
691,+82 70 4515 6893
692,+18667636481
693,+8294553
694,+13014964000
695,+41 22 37 26 250
696,+1 212 398 00 23
697,+1 212 642 49 00
698,+41 22 372 62 50
699,+41 22 372 88 85
700,+41 21 510 1 704
701,+86 10 86208060
702,+41 21 5101704
703,+41 21 5101729
704,+12126243885
705,+18887980088
706,+44 7756 165803
707,+44 7519 494 891
708,+18665209374
709,+3333335
710,+2292634
711,+2348063209593
712,+2348033838357
713,+92 52 4588894
714,+19492854745
715,+21157540
716,+46 8 507 420 00
717,+1800000
718,+12026363000
719,+48 782 244 516
720,+19707049292
721,+18188884776
722,+45 26 84 01 60
723,+45 28 55 11 29
724,+8883757767
725,+13122626897
726,+61 2 9928 1300
727,+352 661 555 211
728,+4402078712575
729,+18004462279
730,+18556296543
731,+15075383270
732,+19049530853
733,+448454349970
734,+448451232320
735,+441908676779
736,+448453708008
737,+442078031100
738,+441494793223
739,+441458 448611
740,+448456341414
741,+442077932352
742,+18005501025
743,+7328376727
744,+5094631196
745,+2848414986
746,+3168971281
747,+4503007361
748,+1227926363
749,+6354589552
750,+2304292734
751,+448450704004
752,+447910 114739
753,+18888988021
754,+18443837424
755,+18008435200
756,+12025593900
757,+15058419700
758,+15057172877
759,+15157391015
760,+18005721142
761,+15055526513
762,+15754647106
763,+15052607272
764,+78364164096
765,+1 434 817 2040
766,+44151 676 9390
767,+1628691364
768,+27274999
769,+2009761168
770,+1220366307
771,+1904560979
772,+1979897163
773,+646986939
774,+1985268503
775,+19032574752
776,+91 7589811814
777,+97150 8501454
778,+61 490 758 250
779,+442033532000
780,+1 202 517 89042
781,+14159195874
782,+44 7584 640566
783,+1 212 231 7762
784,+1 646 886 8761
785,+6128076850
786,+120251789042
787,+1 415 919 5874
788,+12122317762
789,+44 20 3353 2000
790,+61 3 9035 5511
791,+61 2 8076 8400
792,+61 2 8076 8599
793,+61 2 8076 8500
794,+49 000 0000
795,+0 800 12 34 56
796,+19712037773
797,+18009444773
798,+27 73 555 5555
799,+27110267323
800,+8502226247
801,+8502226314
802,+1948574407
803,+659787066
804,+1338359439
805,+1094256909
806,+1094191343
807,+15555555555
808,+1 202 483 1248
809,+1 212 606 3778
810,+4407910531010
811,+27 82 412 6343
812,+18888478766
813,+17814722001
814,+1 855 896 0041
815,+972 3 907 6555
816,+972 3 906 6629
817,+18887408819
818,+2072707
819,+44 207 101 7045
820,+441603513091
821,+18555202898
822,+18773351752
823,+13527712700
824,+17124323486
825,+47 463 47 290
826,+52 1 5541854644
827,+260211250014
828,+15106058511
829,+353 86 377 0200
830,+45 50168613
831,+442920471124
832,+61 403 305 384
833,+441502 580373
834,+441449612264
835,+260976154820
836,+256 706 358231
837,+61 8 83888270
838,+16184662631
839,+64 6 353 6555
840,+61895009550
841,+44 1546 606 226
842,+19413433857
843,+27743385002
844,+61 2 9807 1493
845,+61 412 176 567
846,+442890825162
847,+358503798002
848,+393479641881
849,+61 400 858 930
850,+61411479737
851,+34690995402
852,+447984800146
853,+6496204814
854,+61 8712 8254
855,+442866324164
856,+256782652143
857,+442838324738
858,+44 2892 091559
859,+33 783 07 01 80
860,+260211260154
861,+358400424246
862,+61434432175
863,+91 98427 67184
864,+18082822831
865,+27343125044
866,+61450545589
867,+6596355679
868,+16308967571
869,+61477140795
870,+94773101405
871,+61459693339
872,+639177933597
873,+34 637 12 80 00
874,+67572933146
875,+44 7449646490
876,+61404223331
877,+61397298481
878,+260976153466
879,+18779461118
880,+18779204849
881,+18003169361
882,+2347062060842
883,+2348140633561
884,+1148373860
885,+5138283966
886,+16699006833
887,+61 2 86278137
888,+09564203
889,+9755525752
890,+12126207310
891,+12124316177
892,+12123485650
893,+12127204520
894,+12127743260
895,+13236620842
896,+18669582038
897,+18775609897
898,+13234634266
899,+18667151003
900,+13102045200
901,+18775076242
902,+18664933464
903,+18665081759
904,+13232961840
905,+18662597438
906,+18559443846
907,+18559443511
908,+18662300691
909,+18772316719
910,+18883698796
911,+18887074673
912,+13128500050
913,+18666641794
914,+18882519539
915,+18662106628
916,+18777410755
917,+17136921728
918,+17139424100
919,+18662211896
920,+17132755400
921,+18774647272
922,+18779632823
923,+16022583600224
924,+16022545805
925,+14803592224
926,+18776000150
927,+16022480550
928,+18667229430
929,+18175297300
930,+12105758110
931,+12102234004
932,+12105410335
933,+12107353822
934,+18885654228
935,+18584534315
936,+18669262617
937,+16192780777
938,+18883917537
939,+18669253214
940,+18669980639
941,+18662459014
942,+18663043923
943,+16192636663
944,+12145224640
945,+12149465540
946,+12143393181
947,+18662573844
948,+18663608512
949,+12148712483
950,+12143691155
951,+18883333963
952,+18008111800
953,+14082929353
954,+18668946572
955,+14082838555
956,+18664915276
957,+13054434094
958,+18889127522
959,+18668876423
960,+18883281413
961,+18889203189
962,+13054128440
963,+13056357444
964,+13052385121
965,+18889195938
966,+18669482956
967,+18663828811
968,+18136993172
969,+18667964720
970,+18139315560
971,+18665933491
972,+18139781300
973,+18666962058
974,+18132361182
975,+17023853330
976,+18665472544
977,+17028737800
978,+18882434976
979,+17025982020
980,+18665770165
981,+17024866000
982,+18883738264
983,+18559109235
984,+17027357900
985,+12568454571
986,+13347422130
987,+12516662569
988,+12569273601
989,+12054864111
990,+19072254135
991,+190772950705073
992,+19074524222
993,+19074528251
994,+19074554725
995,+19284743303
996,+19286342236
997,+16029382301
998,+15013279788
999,+14797548610
1000,+14799681298
1001,+15013541561
1002,+14794429381
1003,+15303453491
1004,+19093984383320
1005,+16505136500
1006,+12097226335
1007,+13105498383
1008,+13038402636
1009,+18779590313
1010,+19703566664
1011,+13038533500
1012,+13037785774
1013,+18667026956
1014,+13039371333
1015,+18608860446
1016,+18779588239
1017,+12034832630
1018,+18665413179
1019,+18606848280
1020,+18604569476
1021,+18606844239
1022,+17866682088
1023,+1 929 205 6099
1024,+1 669 900 6833
1025,+143694565
1026,+9995771
1027,+67108864
1028,+16028067801
1029,+18887511911
1030,+14238994547
1031,+18663186294
1032,+14238995714
1033,+399614464
1034,+41 22 908 43 75
1035,+1 416 595
1036,+2137255700
1037,+12137255700
1038,+16514504064
1039,+1 212 963 3489
1040,+1 800 253 9646
1041,+1 212 963 8302
1042,+1 617 747
1043,+34 629 387 625
1044,+34 96 333 2802
1045,+61283181460
1046,+61 2 8318 1460
1047,+4687845000
1048,+371 27339933
1049,+44 20 8423 7373
1050,+37163407774
1051,+371 26660157
1052,+371 63407774
1053,+18885352020
1054,+45 35 20 30 40
1055,+45 3520 3040
1056,+85568581188
1057,+498005295555
1058,+39 02 25444220
1059,+39 02 254441
1060,+372 611 4200
1061,+372 667 2000
1062,+48 22 3377222
1063,+48 22 645 56 84
1064,+48 85 744 22 22
1065,+48 68 455 55 01
1066,+48 68 455 55 21
1067,+48 68 455 55 95
1068,+48 68 455 55 55
1069,+48 68 324 22 55
1070,+420585225588
1071,+370 46 390800
1072,+370 46 390812
1073,+370 46 390808
1074,+370 699 99611
1075,+370 5 203 0290
1076,+37067996323
1077,+38512753444
1078,+38512753235
1079,+38512753666
1080,+38512753777
1081,+36 1 3914200
1082,+36 1 2002679
1083,+7 499 642 53 04
1084,+35722460150
1085,+357 22 44 99 12
1086,+64 9 376 0115
1087,+5999 4610973
1088,+50376996190
1089,+55 16 99793
1090,+551699793
1091,+49 176 43 16 46
1092,+420 736 510 842
1093,+54 11 48651229
1094,+972 522 405 761
1095,+972 52 815 1504
1096,+31 38 465 53 54
1097,+43 664 33 52 696
1098,+44 1273 55 37 37
1099,+972 3 535 71 98
1100,+972 2 9932745
1101,+972 54 590 6576
1102,+972 54 519
1103,+0049 821 598 5638
1104,+39 011 4368741
1105,+31 10 470 74 39
1106,+31 10 471 67 01
1107,+49 30 84 30 61 46
1108,+31 00 324
1109,+31 01 084
1110,+49 30 833 66 39
1111,+61 3 85002314
1112,+877113102
1113,+6911915
1114,+6911925
1115,+41 44 501 26 00
1116,+86 4009008831
1117,+91 9764144222
1118,+7 495 772 22 51
1119,+48 91 484 17 56
1120,+47 41 41 48 12
1121,+41 44 711 10 10
1122,+39 06 9016 0034
1123,+45 49 75 96 60
1124,+30 210 4829974
1125,+49 040 419 28390
1126,+34 943 31 37 88
1127,+34 943 31 37 97
1128,+90 216 467 07 90
1129,+6012 487 6961
1130,+7 812 426 15 27
1131,+7 800 555 36 19
1132,+420 606 421 802
1133,+351 213 021 118
1134,+420 725 792 472
1135,+46 73 3844488
1136,+7 495 220 20 95
1137,+39 05 6577 7311
1138,+262 262 4510 55
1139,+385 1 3635 957
1140,+672 323 011
1141,+7 8672 740 928
1142,+662 034 9770
1143,+356 2124 9639
1144,+233 302 8232 58
1145,+35 725 7369 63
1146,+352 81 8785
1147,+385 1 4616 352
1148,+30 210 9840 636
1149,+81 54 238 3347
1150,+502 2369 6929
1151,+354 551 3366
1152,+46 431 732 00
1153,+598 2518 2 231
1154,+49 69 8300 688 100
1155,+254 20 4445 495
1156,+352 740 327
1157,+672 3 9481 3771
1158,+345 749 7653
1159,+1 86 84860880
1160,+852 2410 8731
1161,+64 93067234
1162,+84 909 339 232
1163,+81 3 5785 5690
1164,+1 868 356 2911
1165,+262 262 0179 79
1166,+94 115 3378 55
1167,+352 2674 0337
1168,+36 1 406 2473
1169,+30 210 331 136 3
1170,+7 8672 518 726
1171,+212 539 9496 32
1172,+216 9842 6014
1173,+352 958 071
1174,+254 728 343361
1175,+597 478720
1176,+353 16753766
1177,+356 2123 7549
1178,+972 3681 0592
1179,+359 2987 0720
1180,+230 7841 4582 302
1181,+971 48864073
1182,+212 539 9770 00
1183,+595 21 296 443
1184,+225 2135 5248
1185,+420 774422554
1186,+31 20 6891267
1187,+31 535 374 444
1188,+65 6499 9777
1189,+354 544 2161
1190,+352 268 0084 8
1191,+39 0471 531 253
1192,+225 0808 7033
1193,+49 69 8300 688 180
1194,+27 21 461 7426
1195,+81 54 238 3340
1196,+82 2 3441 8221
1197,+230 2401312
1198,+230 2120940
1199,+354 544 2160
1200,+1 868 628 3338
1201,+352 2695 0791
1202,+1 86 87315918
1203,+94 114 7102 00
1204,+1 809 807 2588
1205,+30 210 9840 147
1206,+971 48136111
1207,+212 522 3923 80
1208,+351 219 384 855
1209,+598 2518 2 132
1210,+672 1800 623 423
1211,+81 3 5785 5675
1212,+672 322 706
1213,+502 2369 3420
1214,+31 10 2417007
1215,+03 80236018
1216,+32 4 360 97 23
1217,+595 21 292 484
1218,+352 268 0084 7
1219,+213 21 38 31 38
1220,+32 4 360 92 91
1221,+56 2 2233 2739
1222,+39 0471 531 213
1223,+1 86 86392895
1224,+961 4 5213 08
1225,+297 5831 022
1226,+386 1 500 45 10
1227,+351 219 383 704
1228,+46 431 730 95
1229,+352 81 1728
1230,+1268 5608 114
1231,+352 409 660
1232,+82 2 3441 9117
1233,+52 55 2455 6060
1234,+852 2422 3882
1235,+1 246 426 7387
1236,+352 488 683
1237,+35 725 3646 15
1238,+358 4565 3911 2
1239,+30 210 322 33
1240,+972 3683 4245
1241,+254 20 3872 878
1242,+5999 526 9589
1243,+36 1 406 2661
1244,+49 7762 805180
1245,+44 020 34091577
1246,+49 8662 665450
1247,+49 7931 932820
1248,+49 228 96502147
1249,+49 8324 953185
1250,+1 415 884
1251,+43 1383 1034
1252,+49 421 16536791
1253,+49 6221 5880889
1254,+49 8824 910440
1255,+49 8375 975795
1256,+49 4321 8515202
1257,+43 2166 23046
1258,+49 2234 693616
1259,+49 6332 9934161
1260,+39 45 597258
1261,+49 251 38337840
1262,+49 761 38366372
1263,+43 1 3750036
1264,+49 89 23886778
1265,+49 711 87039325
1266,+49 7633 806225
1267,+39 06 3223364
1268,+49 7533 9979195
1269,+31 475 690447
1270,+49 941 59579400
1271,+34 910521070
1272,+45 69 884911
1273,+49 441 92518613
1274,+49 3581 3758
1275,+34 91 521 91 88
1276,+49 6667 81
1277,+49 4561 513792
1278,+49 30 28099694
1279,+49 69 69030304
1280,+852 2871 5500
1281,+49 2974 833591
1282,+49 2683 5099 916
1283,+49 40 34994231
1284,+49 211 8285583
1285,+49 40 69797634
1286,+49 208 74014673
1287,+49 35874 21 0
1288,+49 2224 9238102
1289,+44 20 3931 5757
1290,+44 20 37950555
1291,+49 241 40029704
1292,+49 351 48656143
1293,+49 6864 270348
1294,+49 2683 9359 0
1295,+18002102370
1296,+18882784437
1297,+1 301 315 9634
1298,+49 341 355356 950
1299,+49 341 355356 0
1300,+41 44 480 12 70
1301,+41444801270
1302,+12016934846
1303,+333333333
1304,+2024282
1305,+359 0886 695 616
1306,+44 113 815 1570
1307,+41 44 632 11 11
1308,+41446321111
1309,+32 1 877 227 6963
1310,+31 20 592 9333
1311,+31205929333
1312,+020 7392 7788
1313,+020 7229 8541
1314,+0117 929 0383
1315,+34 958 804 324
1316,+1466242
1317,+24335368
1318,+9781449344795
1319,+9781509065431
1320,+9780769535456
1321,+41 44 633 33 70
1322,+41446325942
1323,+41 44 632 14 52
1324,+41446321452
1325,+41446333370
1326,+41 44 632 59 42
1327,+41613873300
1328,+41613873993
1329,+41 61 387 39 93
1330,+41 61 387 33 00
1331,+41446323502
1332,+41 44 632 35 02
1333,+41 44 632 10 27
1334,+41446321027
1335,+41 44 632 23 08
1336,+41446322308
1337,+41 44 632 50 03
1338,+41446325003
1339,+41 44 632 3737
1340,+41 44 632 1085
1341,+41446321085
1342,+41446323737
1343,+41 44 632 06 28
1344,+41446320628
1345,+41 44 632 03 67
1346,+41446320367
1347,+41446332585
1348,+41446331106
1349,+41 44 633 11 06
1350,+41 44 633 25 85
1351,+41446327777
1352,+41 44 632 77 77
1353,+18009159122
1354,+64 4 333 1000
1355,+1 978 816 1600
1356,+43 1 5455155 0
1357,+43 1 545 5155
1358,+44 1 2345 6789
1359,+41 22 749 08 88
1360,+14155551212
1361,+15553676287
1362,+1 856 310 1981
1363,+52 01 800 910 7070
1364,+33 08 05 54 24 86
1365,+44 203 684 1123
1366,+19177935868
1367,+18017659400
1368,+18884014678
1369,+16129870938
1370,+8003044473
1371,+1 303 271 7100
1372,+1 855 929 7100
1373,+49711170
1374,+49 711 17 0
1375,+356 7998
1376,+6 03 7952 2222
1377,+33 2 40 35 85 10
1378,+381 11 20 90 200
1379,+1 212 474 5000
1380,+52 55 5246 8114
1381,+9611201090
1382,+82 2 6363 4600
1383,+61 7 3121 6666
1384,+33 2 40 08 88 62
1385,+52 55 9177 5600
1386,+994 12 436 75 51
1387,+91 22 2482 9000
1388,+55 53 3031 8300
1389,+251 116 632 800
1390,+33 3 88 14 35 36
1391,+1 868 225 4040
1392,+357 2239 1000
1393,+261 20 23 297 64
1394,+223 20 20 60 27
1395,+55 11 3169 9000
1396,+260 211 292351
1397,+58 21240 04500
1398,+31 20 406 12 00
1399,+151 42 85 14 14
1400,+226 50 30 85 70
1401,+48 22 319 35 50
1402,+965 257 15 710
1403,+33 5 3444 1055
1404,+230 433 55 00
1405,+49 40 34101 0
1406,+32 2 620 70 00
1407,+237 3342 2214
1408,+227 20732434
1409,+33 05 56 49 37 45
1410,+374 10 537431
1411,+385 1 23 09 100
1412,+221 770351096
1413,+389 2 3297 670
1414,+56 2 2757 3000
1415,+27 010 492 9689
1416,+502 2229 3500
1417,+970 2 297 3737
1418,+971 4 8189300
1419,+33 2 98 33 81 00
1420,+974 43 57 663
1421,+235 66 287 279
1422,+86 20 3879 1228
1423,+593 2 4002 200
1424,+51 1 215 5500
1425,+595 21 606 660
1426,+30 210 623 5000
1427,+421 948 263 033
1428,+33 4 72 41 64 84
1429,+34 93 241 91 50
1430,+58 21 2400 4500
1431,+90 212 336 86 00
1432,+33 1 55 35 90 90
1433,+1 612 822 2960
1434,+33 3 83 17 04 86
1435,+254 2 2719501
1436,+66 2 685 2700
1437,+33 5 56 488 488
1438,+49 221 951515 0
1439,+36 1 489 1000
1440,+33 1 44 43 70 00
1441,+33 4 50 52 64 94
1442,+27 11 463 3339
1443,+86 21 22 08 38 88
1444,+39 0231 0371
1445,+49 89 904007 0
1446,+236 72 26 70 73
1447,+243 8108 23339
1448,+33 1 85 56 97 00
1449,+141 6423 6228
1450,+86 10 6587 5188
1451,+229 21 32 44 18
1452,+64 800 650 111
1453,+242 82 72 14
1454,+49 30 5058 0
1455,+1 206 285 2222
1456,+54 11 5556 3500
1457,+49 9131 9192 0
1458,+262 2 62 97 10 10
1459,+267 3957 561
1460,+373 22 855 922
1461,+40 21 407 5600
1462,+63 2 856 0729
1463,+212 522 84 80 00
1464,+33 4 91 10 79 70
1465,+202 461 8000
1466,+632 8812 5466
1467,+1 704 344 7900
1468,+375 17 221 00 28
1469,+371 67439875
1470,+55 11 4560
1471,+7 495 937 33 00
1472,+62 21 2902 6500
1473,+84 862814060
1474,+141 6925 7733
1475,+216 71 160 900
1476,+386 1 23 43 500
1477,+27 11 286 0300
1478,+359 24 34 07 10
1479,+598 26054799
1480,+49 40 341 01 0
1481,+49 69 15402 1
1482,+258 82 70 00 156
1483,+47 90 63 44 00
1484,+225 22 44 42 90
1485,+972 3 611 9900
1486,+241 44 20 16
1487,+27 21 487 9100
1488,+33 04 37 41 80 20
1489,+91 80 4143 2288
1490,+995 322 745 673
1491,+90 212 336 86 86
1492,+264 61 237300
1493,+359 2 434 07 10
1494,+1 208 395 8300
1495,+45 33 38 50 00
1496,+234 803 305 1621
1497,+41 44 265 31 11
1498,+420 226 020 250
1499,+852 25 90 58 88
1500,+244 924 172 598
1501,+27 87 255 0334
1502,+44 20 7935 4426
1503,+591 2 277
1504,+254 722 513 810
1505,+233 30 2776843
1506,+33 1 5584 0800
1507,+27 10 492 9900
1508,+55 11 2504 1800
1509,+16127817033
1510,+18007117011
1511,+1 212 398 2159
1512,+18088332502
1513,+2222222222
1514,+81 3 6869 6720
1515,+91 80 490164
1516,+1 212 419
1517,+1 416 360
1518,+18888356281
1519,+44 207 8 62
1520,+61 2 8031 0220
1521,+41 44 292 29 79
1522,+49 69 211 130 16
1523,+61 2 8297 2100
1524,+61 2 8297 2000
1525,+65 65971623
1526,+496921111670
1527,+1 954 267 3000
1528,+41 52 63577 00
1529,+41 52 63577 11
1530,+65 6725 5301
1531,+65 6725 5300
1532,+91 80 61202001
1533,+91 80 61202666
1534,+55 11 3816 5730
1535,+52 555 905 0700
1536,+45 39193400
1537,+49 89 444 564 000
1538,+34 91 414 9800
1539,+32 2709 2231
1540,+39 02 75 77 5802
1541,+47 21 52 01 50
1542,+48 22 657 01 71
1543,+7 495 7756950
1544,+44 020 7250 7007
1545,+1 202 371 5413
1546,+44 203 009 3102
1547,+852 3018 8279
1548,+44 203 948 6501
1549,+852 2168 0883
1550,+1 202 326 5800
1551,+1 202 326 5837
1552,+13124244243
1553,+13123843838
1554,+18662299449
1555,+46101722100
1556,+46 10 17 22 105
1557,+46 10 17 22 100
1558,+46101722105
1559,+39 351 6097868
1560,+611300423372
1561,+441142662040
1562,+61 429844976
1563,+886 2 2757 5266
1564,+92 21 227 2312
1565,+886 2 2757 1193
1566,+84 8 3829 2288
1567,+64 9918 8798
1568,+64 9918 8630
1569,+88 02 8878871
1570,+61 2 9006 5563
1571,+61 7 3835 7830
1572,+886 2 2757 5298
1573,+92 21 263 1526
1574,+82 2 2004 0301
1575,+886 2 2757 2166
1576,+673 2 223 685
1577,+81 3 5203 3239
1578,+66 2614 4559
1579,+673 2 233 668
1580,+81 3 5203 3565 3222
1581,+63 2 581 8200
1582,+92 42 578 6219
1583,+92 42 578 6217
1584,+673 2 252 336
1585,+65 6658 2288
1586,+64 9 918 8600
1587,+91 22 61640157
1588,+852 2192 2233
1589,+82 2 2004 0735
1590,+82 2318 9105
1591,+66 2 614 4219
1592,+886 2 2652 7256
1593,+62 21 5291 4901
1594,+8 13 5203 3265
1595,+61 8 9320 9820
1596,+84 8 3520 6160
1597,+81 3 5203 3065
1598,+81 3 5203 3991
1599,+61 2 1300 300 437
1600,+88 02 8878873
1601,+61 8 8112 8612
1602,+62 61 524 6222
1603,+81 3 5203 4236
1604,+64 9913 4040
1605,+66 2 614 4500
1606,+64 9 918 8718
1607,+66 2614 4523
1608,+91 12 44182171
1609,+62 21 2551 477
1610,+1 300 308 688
1611,+886 2 6616 5998
1612,+88 02 8878850
1613,+852 2845 2605
1614,+673 2 241 317
1615,+62 21 5291 4567
1616,+62 21 524 6622
1617,+62 21 521 1305
1618,+65 6224 9578
1619,+88 02 8878872
1620,+18663333909
1621,+6595256
1622,+49 421 69663282
1623,+1 310 823 8649
1624,+1 310 301 5800
1625,+2304035100
1626,+350 200 73520
1627,+49 461 5050 35
1628,+49 461 50503535
1629,+49 4615050350
1630,+376 863667
1631,+376 875481
1632,+376 875274
1633,+376 725001
1634,+49 89 76 76 0
1635,+49 89 76 76 25 00
1636,+1 650 492 5631
1637,+1 404 978 8419
1638,+1 345 746 3687
1639,+1 877 809 3183
1640,+1 877 734 4783
1641,+971 4 7774018
1642,+1 215 706 5701
1643,+41 22 747 63 33
1644,+1 215 706 5700
1645,+41 22 747 60 00
1646,+011 860 273 0123
1647,+93 70 6604794
1648,+13026365454
1649,+61396431871
1650,+13026365400
1651,+61394796684
1652,+27113140088
1653,+27115682800
1654,+27113140077
1655,+27115681492
1656,+1 268 460 1391
1657,+1 268 460 1477
1658,+41 22 909 7200
1659,+41 22 909 7292
1660,+1 264 497 3255
1661,+1 264 497 5233
1662,+1 212 458 1942
1663,+1 212 770 7000
1664,+33 561935948
1665,+33 561933333
1666,+91 11 41666149
1667,+91 11 41666100
1668,+355 4 2259106
1669,+355 4 2250926
1670,+1 480 393 4275
1671,+33388156815
1672,+33 388156540
1673,+33 1 39 30 83 01
1674,+33 1 39 30 83 00
1675,+41 22 312 5612
1676,+41 22 312 5610
1677,+374 91 415539
1678,+374 93 199840
1679,+374 6027 2271
1680,+1 212 640 2000
1681,+1 212 640 9212
1682,+1 800 624
1683,+1 401 333
1684,+31 26 3525500
1685,+19195316016
1686,+19196774444
1687,+86 10 5244 7383
1688,+86 10 5884 6939
1689,+86 10 5884 6931
1690,+61 3 8654 1922
1691,+61 3 9273 5555
1692,+244 924 782 278
1693,+64 4 472 1600
1694,+64 21 279 4995
1695,+33 140541064
1696,+33 140541010
1697,+54 11 5235 1160
1698,+20227738092
1699,+97147774018
1700,+1 310 823
1701,+1 510 492 4001
1702,+1 510 492 4080
1703,+33 3 88 14 22 22
1704,+684 252 9742
1705,+1 212 208 2674
1706,+1 212 334 3660
1707,+852 2244 7900
1708,+852 2244 7902
1709,+43 1 4277 9140
1710,+43 662 4669
1711,+43 1 4277 14035
1712,+49 7131 7999 0
1713,+1 206 646 5990
1714,+12069467702
1715,+61 3 9206 4153
1716,+61 3 8847 9045
1717,+1 702 757 6555
1718,+297 583 4000
1719,+297 583 4030
1720,+297 5251001
1721,+297 5251000
1722,+358 18 23500
1723,+358 18 19155
1724,+358 18 25000
1725,+44 7977 917316
1726,+994 12 4939319
1727,+994 12 4980522
1728,+387 33 213 773
1729,+387 33 560 240
1730,+17027576555
1731,+86 10 5992 0062
1732,+86 188 1064 7965
1733,+1 202 236 1154
1734,+34 934 672 959
1735,+34 936 750 354
1736,+44 2071 167663
1737,+44 7825 023892
1738,+1 209 573 8520
1739,+1 209 341 4226
1740,+49 621 3905 7393
1741,+49 621 3905 393
1742,+1 246 535 2570
1743,+1 246 620 0960
1744,+1 246 535 2502
1745,+44 2088118815
1746,+44 3030409777
1747,+44 303 040 9777
1748,+1 919 791 3356
1749,+1 919 745 5328
1750,+34 91 374 63 21
1751,+34 91 537 72 34
1752,+880 2 9574446
1753,+880 2 9515599
1754,+880 2 9331798
1755,+880 2 9357877
1756,+32 16 28 49 71
1757,+32 16 28 49 70
1758,+44 2033880601
1759,+44 2033880600
1760,+43 662 234548 730
1761,+49 30 49782354
1762,+43 662 234548 29
1763,+49 30 49782356
1764,+1 415 278 8444
1765,+1 208 685 1880
1766,+22625375364
1767,+22670390190
1768,+22670201338
1769,+359 52 702561
1770,+359 52 702562
1771,+359 52 702563
1772,+973 17532125
1773,+973 17520000
1774,+257 22 225005
1775,+257 22 22 5005
1776,+229 96 80 52 52
1777,+229 21 31 00 65
1778,+229 21 31 00 67
1779,+1 212 617 7816
1780,+1 917 522 2727
1781,+1 609 818 3151
1782,+33 1 42 98 02 65
1783,+33 1 57 43 74 03
1784,+591 2 2200720
1785,+496132774566
1786,+496132772378
1787,+1 980 388 2014
1788,+1 980 387 8445
1789,+55 11 5509 3505
1790,+35227862529
1791,+352621811103
1792,+442033880600
1793,+1 206 946 7702
1794,+49 9352 180
1795,+49 711 811
1796,+33488662220
1797,+33488662207
1798,+1 4164770964
1799,+1 4164773490
1800,+55 11 5509 3501
1801,+81355210117
1802,+81355210107
1803,+1 425 671 0020
1804,+1 425 298 2200
1805,+32 16 284970
1806,+32 16 284971
1807,+1 242 302 4549
1808,+1 242 302 4528
1809,+44 203 388 0601
1810,+44 203 388 0600
1811,+01 310 450 6988
1812,+47 73 55 73 55
1813,+267 368 5410
1814,+267 395 7976
1815,+375 17 2395720
1816,+375 17 2395703
1817,+375 17 3092424
1818,+375 17 3271824
1819,+501 223 2242
1820,+501 610 5124
1821,+501 223 1607
1822,+33 298599326
1823,+33 298828788
1824,+1 613 237 5335
1825,+1 613 237 0534
1826,+1 212 381 3500
1827,+1 212 381 3950
1828,+33 4 42 50 69 48
1829,+31 1 0 4 05 44 73
1830,+61292237833
1831,+61292231800
1832,+1 302 636 5400
1833,+44 1268 292545
1834,+34 936 75 03 54
1835,+41 22 312 56 12
1836,+41 22 312 56 10
1837,+39 06 698 45204
1838,+39 06 698 45210
1839,+61477387865
1840,+61291181601
1841,+1 703 948 3978
1842,+613 9926 6788
1843,+613 9926 6700
1844,+1 703 925
1845,+243 822983889
1846,+243 81 063 8578
1847,+61 2 9247 8230
1848,+41 22 766 2095
1849,+41 22 766 7482
1850,+31 20 5315721
1851,+236 21 61 44 72
1852,+31 20 5315726
1853,+236 21 61 60 64
1854,+41 44 519 00 60
1855,+41 44 268 15 40
1856,+41 44 268 15 78
1857,+1 212 688 5055
1858,+1 212 715 4808
1859,+225 20 34 43 73
1860,+225 20 34 43 75
1861,+225 20 34 42 53
1862,+44 207 921 4777
1863,+44 203 117 1368
1864,+1 208 389 5771
1865,+1 208 389 5740
1866,+682 29680
1867,+56 22 940 7700
1868,+33 1 53 35 35 53
1869,+33 1 53 35 36 10
1870,+237 223 0303
1871,+237 223 4065
1872,+57 3144012918
1873,+571 616 9961
1874,+43 1 98116
1875,+431981160
1876,+43198116111
1877,+1 202 383 5453
1878,+1 202 628 6726
1879,+33 4 95 51 67 75
1880,+33 4 95 51 69 00
1881,+506 2283 4101
1882,+506 2283 4814
1883,+506 2280
1884,+1 703 728 4176
1885,+1 469 499 8240
1886,+1 562 262 0906
1887,+537 2048202
1888,+537 2069380
1889,+537 8620377
1890,+33613993433
1891,+33603630483
1892,+238 261 3069
1893,+238 260 4400
1894,+59997442248
1895,+59997442100
1896,+61 410 177 335
1897,+357 22 895077
1898,+357 2289 4445
1899,+357 22 892165
1900,+357 2289 5520
1901,+44 2033 880600
1902,+44 2033 880601
1903,+420 222745112
1904,+420 222745111
1905,+49 69 27235 0
1906,+49 69 27235 234
1907,+49 69 27235 235
1908,+49 69 27235 272
1909,+1 610 479 5957
1910,+1 312 486 4145
1911,+1 800 732 7241
1912,+1 224 405 0640
1913,+1 513 746 2800
1914,+45 3364 6066
1915,+45 3364 6060
1916,+81 3 3780 5239
1917,+81 3 5456 1601
1918,+1 303 723 1699
1919,+1 303 723 1000
1920,+97143532988
1921,+97143533334
1922,+1 302 992 3165
1923,+1 302 774 1000
1924,+213 23 25 54 02
1925,+213 23 25 54 08
1926,+5934 3729560
1927,+5934 2515434
1928,+372 727 1000
1929,+202 33458366
1930,+202 33458365
1931,+496151720
1932,+496151722000
1933,+291 1 189193
1934,+291 1 200339
1935,+291 1 120938
1936,+291 1 185019
1937,+46 10 719 0000
1938,+46 10 719 3091
1939,+34 91 212 76 24
1940,+34 91 555 76 64
1941,+34 91 212 76 20
1942,+251 911 208321
1943,+251 115 523 296
1944,+251 115 53 15 69
1945,+251 911 246572
1946,+32 2 401 27 50
1947,+32 2 401 27 51
1948,+41 223 125 610
1949,+41 223 125 612
1950,+518 736 3434
1951,+302 636 5454
1952,+1 2022239252
1953,+1 7039256999
1954,+1 2022239256
1955,+1 7039483978
1956,+29 0536 949 111
1957,+352 349 711 95 06
1958,+352 349411
1959,+358 295 345 000
1960,+1 617 692 1699
1961,+1 617 563 7000
1962,+61416163791
1963,+60389966788
1964,+442075461029
1965,+442072256318
1966,+679 323 2117
1967,+500 28459
1968,+500 27306
1969,+1 650 265 0401
1970,+1 650 265 0400
1971,+691 320 2740
1972,+691 320 2745
1973,+298 550050
1974,+1 310 969 1063
1975,+1 310 369 5668
1976,+33 1 39 30 83 05
1977,+33 153922846
1978,+33 153920040
1979,+81337805239
1980,+81354561601
1981,+241 01 76 32 49
1982,+1 209 341 6349
1983,+44 1235 822 397
1984,+44 1235 822 212
1985,+1 473 435 2132
1986,+1 473 435 6872
1987,+14169980932
1988,+995 599 48 65 14
1989,+995 577 208045
1990,+49 461 5050 35 0
1991,+3292187978
1992,+3292187979
1993,+65 6823 9106
1994,+65 6720 0866
1995,+590 590 571 090
1996,+44 1481 521713
1997,+233302521696
1998,+233289518437
1999,+350 47200
2000,+350 47272
2001,+442070670999
2002,+442070670901
2003,+299 341255
2004,+299 322966
2005,+1 8554845622
2006,+353 16335466
2007,+55 21 2540 4720
2008,+220 3911020
2009,+220 392728
2010,+220 391020
2011,+81 354561601
2012,+81 337805239
2013,+49 231 9703 200
2014,+49 231 9703 0
2015,+49 721 91373 4221
2016,+49 721 91374 2978
2017,+224 46 27 07
2018,+37798 66 25 15
2019,+1 206 356 8341
2020,+37798 66 34 10
2021,+1 540 301 0160
2022,+1 888 282 0870
2023,+1 877 734 4688
2024,+590590814261
2025,+590590803140
2026,+34 675404304
2027,+240222268239
2028,+31205315726
2029,+31205315721
2030,+30 281 0391451
2031,+30 281 0391450
2032,+44 121 318 6707
2033,+502 2369 3452
2034,+502 2368 8566
2035,+502 2368 8565
2036,+671 735 2640
2037,+671 734 9422
2038,+351 211308200
2039,+351 211312720
2040,+245 3204874
2041,+245 3204876
2042,+5926444135
2043,+43 662 2345 4829
2044,+49 40 6506 2020
2045,+43 662 2345 48730
2046,+1 212 512 1000
2047,+1 212 512 1986
2048,+912267546203
2049,+912267546010
2050,+91 970 277 7311
2051,+358 9 310 1641
2052,+358 9 655 783
2053,+33 140174994
2054,+33 140174720
2055,+852 2319 2626
2056,+852 2319 2303
2057,+612 6100 6599
2058,+1 303 278 8809
2059,+1 303 302 1400
2060,+612 6100 6588
2061,+504 2235 4141
2062,+504 235 4141
2063,+504 2235 5721
2064,+504 235 5721
2065,+1 770 384 2293
2066,+1 770 433 8211
2067,+541148943500
2068,+385 1 66 61 615
2069,+385 1 66 61 616
2070,+385 1 66 61 686
2071,+36 1 238 0115
2072,+36 1 238 0114
2073,+1 518 966 9187
2074,+86 10 82096303
2075,+86 10 82096262
2076,+62 21 3005 5789
2077,+62 817758377
2078,+62 82111610360
2079,+353 1 230 1273
2080,+353 1 236 5412
2081,+353 1 236 5421
2082,+1 732 981 0027
2083,+1 732 981 3432
2084,+49 30 4980 2727
2085,+49 30 4980 2722
2086,+972 3 9700901
2087,+972 3 9700900
2088,+44 1624 685685
2089,+44 1624 829525
2090,+44 1624 825278
2091,+91 11 48202013
2092,+91 11 48202011
2093,+246 9398
2094,+964 17195839
2095,+964 7904318957
2096,+964 7904318951
2097,+98 21 22828080
2098,+98 21 22828081
2099,+98 21 22295700
2100,+354 578 2030
2101,+354 525 4747
2102,+354 561 0999
2103,+90 2124495115
2104,+90 2123128920
2105,+39 050 315 2087
2106,+39 050 315 2113
2107,+39 050 315 2123
2108,+39 050 315 2207
2109,+44 207 157 6563
2110,+44 774 076 2399
2111,+44 2476202101
2112,+44 2476303080
2113,+44 1534 521713
2114,+1 248 512 4053
2115,+1 248 512 2950
2116,+1 312 228 2269
2117,+1 312 228 2777
2118,+1 876 927 2148
2119,+1 876 927 0997
2120,+962 6 5861059
2121,+962 6 5805700
2122,+81 3 5215 8452
2123,+81 3 5215 8480
2124,+81 3 5215 8451
2125,+1 408 745 2100
2126,+1 408 745 2000
2127,+254 20 4450059
2128,+254 20 4450087
2129,+254 20 4450058
2130,+254715275483
2131,+254 715 275483
2132,+852 2845 9000
2133,+852 2525 7211
2134,+996 312 963434
2135,+996 312 964488
2136,+855 16 842 890
2137,+855 23 723 222
2138,+855 23 722 333
2139,+855 23 721 406
2140,+686 26003
2141,+686 26193
2142,+686 25488
2143,+16132370534
2144,+16132375335
2145,+6493070040
2146,+269 3323001
2147,+269 7738912
2148,+269 7734300
2149,+886 2 2396 8832
2150,+1 869 4650610
2151,+886 2 2341 1313
2152,+1 869 4658582
2153,+43 1 198116
2154,+8502 381 3180
2155,+8502 381 4418
2156,+31 20 656 6700
2157,+31610163500
2158,+82 61 820 2611
2159,+82 61 820 1161
2160,+82 10 8581 3514
2161,+9647504458604
2162,+81354562695
2163,+856 21 255780
2164,+856 21 254150
2165,+33 139308300
2166,+33 139308301
2167,+49 221 8885 5274
2168,+49 221 8885 2564
2169,+528188642600
2170,+541143260777
2171,+61394791991
2172,+961 1 749 116
2173,+33 143875100
2174,+33 149875108
2175,+1 212 708 6600
2176,+1 212 708 6681
2177,+45 79505370
2178,+45 75338853
2179,+1 317 276 2000
2180,+1 317 276 1919
2181,+49 89 74461144
2182,+49 89 74460
2183,+44 844 844 8888
2184,+94 112 650 805
2185,+94 11 4 216 061
2186,+94 11 4 216 065
2187,+94 11 2 650 805
2188,+1 212 883 2299
2189,+1 206 910 6225
2190,+1 312 701 8713
2191,+231886510417
2192,+231 227083
2193,+266 2231 0984
2194,+266 22310984
2195,+266 22224300
2196,+370 37 300643
2197,+370 37 353325
2198,+370 37 300736
2199,+49 941 5955959
2200,+49 941 595590
2201,+45 299 94400
2202,+442033880601
2203,+1 310 402 2491
2204,+1 310 402 2487
2205,+371 6708 5858
2206,+371 6721 1241
2207,+371 6782 0153
2208,+218 21 3400020
2209,+218 21 3400039
2210,+218 21 3614170
2211,+218 91 2123880
2212,+212 537 20 38 62
2213,+212 537 71 84 08
2214,+212 537 71 86 01
2215,+34 915 805 089
2216,+34 915 804 907
2217,+33 5 49 73 74 75
2218,+33 549738083
2219,+49 89 36098
2220,+34 932 329 544
2221,+34 932 654 145
2222,+39 059 590511
2223,+1 310 252 3527
2224,+377 97 98 56 57
2225,+377 98 98 88 00
2226,+1 404 521 1743
2227,+1 404 335 3000
2228,+373 22 54 52 66
2229,+373 22 54 49 56
2230,+373 22 54 52 64
2231,+373 22 541000
2232,+382 67 313 222
2233,+382 20 414 283
2234,+382 20 414 290
2235,+01 310 247 2165
2236,+01 310 247 2190
2237,+261 33 12 043 40
2238,+261 20 22 369 82
2239,+261 20 22 299 57
2240,+261 33 11 036 17
2241,+1 614 692 6640
2242,+1 614 692 3452
2243,+389 2 3256561
2244,+223 77 28 52 51
2245,+223 20 29 94 13
2246,+95 67 3407227
2247,+95 67 3407626
2248,+95 67 407535
2249,+95 67 407227
2250,+33 139308315
2251,+976 11 318 048
2252,+976 11 320 210
2253,+853 28716606
2254,+853 28716636
2255,+61 3 990 56171
2256,+1 202 903 4422
2257,+1 670 483 3264
2258,+1 670 235 0965
2259,+222 36 30 76 01
2260,+222 46 46 83 17
2261,+1 664 491 6386
2262,+356 2340 8000
2263,+44 1865332211
2264,+33139308300
2265,+960 771803
2266,+960 311222
2267,+960 3343088
2268,+603 8008 2020
2269,+603 8008 2000
2270,+258 823 003920
2271,+258 21 492601
2272,+258 21 494755
2273,+264 88 624273
2274,+264 81 124 6733
2275,+61 477 385 759
2276,+1 703 925 6999
2277,+1 212 888 7931
2278,+1 212 407 8000
2279,+687 287 172
2280,+687 278 201
2281,+687 278 203
2282,+687 267 645
2283,+227 20 72 21 80
2284,+227 20 73 58 12
2285,+227 20 72 27 75
2286,+227 20 72 58 12
2287,+672 3 23850
2288,+672323850
2289,+234 9094531463
2290,+234 8022912202
2291,+1 703 889 5778
2292,+1 703 889 5779
2293,+505 278 3141
2294,+505 278 3142
2295,+1 503 671 6453
2296,+1 503 646 6926
2297,+81 3 3773 8409
2298,+81 3 3773 1259
2299,+81 3 5533 9829
2300,+358 0 10 44 88 000
2301,+358 0 10 44 81 002
2302,+90 212 603 62 04
2303,+90 530 460 52 31
2304,+977 1 4439360
2305,+977 1 4445920
2306,+674 5573086
2307,+674 5587116
2308,+49 89 921 858 41
2309,+81 3 6838 5590
2310,+46 8 452 35 00
2311,+683 4235
2312,+683 4237
2313,+46 8 452 35 02
2314,+64 4 495 2115
2315,+492196761962
2316,+968 24222086
2317,+968 24222082
2318,+968 24222081
2319,+41 32 343 69 11
2320,+41 32 343 68 11
2321,+4570205872
2322,+4546907111
2323,+353 1 791 8569
2324,+49 180 5522944
2325,+353 1 854 1100
2326,+49 180 5522744
2327,+91 8374000134
2328,+91 07940503219
2329,+33 320839928
2330,+33 320827332
2331,+507 560 3506
2332,+507 560 3401
2333,+507 560 3148
2334,+90 555 001 66 80
2335,+54114894 3588
2336,+51 1 7020000
2337,+689 40487287
2338,+689 40 544 860
2339,+689 40463705
2340,+689 40 532 801
2341,+852 5 8085724
2342,+31402740552
2343,+31622470330
2344,+31402743489
2345,+41 58 323 23 24
2346,+41 58 323 23 23
2347,+48 22 380 8201
2348,+48 22 380 8200
2349,+64 9 3660186
2350,+64 9 3660187
2351,+41 31 350 31 10
2352,+41 31 350 34 50
2353,+1 973 716 6632
2354,+39 011 6502429
2355,+39 02 43002
2356,+1 781 823 8911
2357,+595 21 310 587
2358,+595 21 585550
2359,+595 21 585554
2360,+595 21 334 650
2361,+974 44830630
2362,+9744995312
2363,+974 44995344
2364,+1 425 404 0814
2365,+1 818 739 0683
2366,+41 79 203 4075
2367,+1 860 277 5150
2368,+1 860 277 5147
2369,+49 9352 18 1385
2370,+55 21 39711818
2371,+61 3 9925 8694
2372,+61 3 9925 3185
2373,+40 21 316 1084
2374,+40 21 316 5340
2375,+40 21 4057200
2376,+381 11 7281281
2377,+381 11 7281282
2378,+7 495 730 29 69
2379,+7 495 730 29 68
2380,+7 495 730 29 71
2381,+49 201 3202 9571
2382,+49 201 3202 571
2383,+250788424148
2384,+49 201 12 15372
2385,+49 201 12 15143
2386,+966114619497
2387,+966114618179
2388,+966114618216
2389,+49 6894 9396 250
2390,+49 6894 93 96 251
2391,+81 3 5332 7070
2392,+82 2 2028 0011
2393,+82 70 4317 8217
2394,+82 70 4310 9630
2395,+4533886365
2396,+4533886101
2397,+33 1 41 24 54 08
2398,+33 1 41 24 52 16
2399,+677 30003
2400,+677 43119
2401,+677 43360
2402,+612 9430 3047
2403,+248 2513532
2404,+248 4324056
2405,+248 2521188
2406,+448700118187
2407,+442074218299
2408,+66 2 544 6035
2409,+66 2 2448261
2410,+66 2 2448164
2411,+66 2 544 4948
2412,+49 461 5050350
2413,+249912148139
2414,+24983766122
2415,+24983766729
2416,+46 8 562 860 10
2417,+34 94 4817500
2418,+34 94 481 8110
2419,+352 710 725 712
2420,+352 710 725 227
2421,+61 2 8777 7213
2422,+61 2 8777 7180
2423,+49 7251 75 505229
2424,+497251 75 5278
2425,+65 6659 2534
2426,+44 1225 580 550
2427,+290 2598
2428,+852 2820 0418
2429,+44 207 421 7790
2430,+44 87 0011 8187
2431,+386 1 4798800
2432,+386 1 4798899
2433,+421 2 350 350 39
2434,+421 2 350 350 30
2435,+44 2079007112
2436,+44 7713264238
2437,+232 22 235981
2438,+232 22 224439
2439,+378 0549 886188
2440,+378 0549 886111
2441,+6325116132
2442,+221 33 8219190
2443,+221 33 821 91 90
2444,+33171825805
2445,+33153256000
2446,+252 1 231 599
2447,+252 61 8250991
2448,+252 61 8250888
2449,+252 1 587 1200
2450,+41 21 612 3070
2451,+41 21 612 3071
2452,+597 8500027
2453,+597 8809685
2454,+211 922338781
2455,+239 12 22753
2456,+49 6039 922699
2457,+49 6039 922616
2458,+912266305050
2459,+912266301126
2460,+1 208 685 1857
2461,+1 7027576555
2462,+7 499 196 49 84
2463,+18299473020
2464,+61398661970
2465,+41 58 461 89 49
2466,+41 58 460 55 49
2467,+963 11 3937079
2468,+963 11 3937096
2469,+963 11 3937047
2470,+268 404 0627
2471,+1 612 696
2472,+91 22 6665 7782
2473,+91 22 6665 8282
2474,+90 850 8850888
2475,+90 850 8850804
2476,+235 63 31 90 90
2477,+235 66 23 16 68
2478,+44 20 7467 6451
2479,+44 20 7467 6450
2480,+65 6222 0210
2481,+65 6222 0105
2482,+1 215 293 6509
2483,+22822236394
2484,+22822255555
2485,+22822236380
2486,+22822256666
2487,+66 2 564 8039
2488,+66 2 564 8040
2489,+1 800 842 2522
2490,+1 800 914 8922
2491,+43 512 5354
2492,+435125354
2493,+922 372 231178
2494,+992 372 231178
2495,+992 372 231169
2496,+31 20 531 5721
2497,+31 20 531 5725
2498,+690 3101
2499,+670 3311415
2500,+64 9 446 6370
2501,+993 12 353692
2502,+993 12 398729
2503,+216 71 846 100
2504,+216 71 846 600
2505,+1 415 462 3014
2506,+1 415 789 0522
2507,+86 13915996396
2508,+86 15261877642
2509,+86 2586883476
2510,+86 02586883476
2511,+33 2 41 18 28 29
2512,+33 2 41 18 28 28
2513,+1868 483 4454
2514,+1 868 483 4454
2515,+1 703 948
2516,+91 44 66857750
2517,+91 44 66857717
2518,+886 2 2341
2519,+886 2 2396
2520,+255 22 2412010
2521,+255 22 2199760
2522,+1 415 672 3654
2523,+1 978 359 5830
2524,+380 50 381 4604
2525,+44 20 7568 7648
2526,+256 41 340456
2527,+256 41 340451
2528,+1 256 041 340456
2529,+256 75 707096
2530,+44 1865 332299
2531,+44 1865 332211
2532,+86 150 1138 0586
2533,+55 11 3038 8627
2534,+598 2401 5843
2535,+598 2 401 5843
2536,+598 2408 3901
2537,+998 71 2384248
2538,+998 71 2384200
2539,+1 610 669 1000
2540,+1 610 503 5737
2541,+1 784 457 2880
2542,+1 784 457 1007
2543,+58 212 9090435
2544,+58 212 9936794
2545,+58 212 9090329
2546,+58 212 9090466
2547,+1 340 776
2548,+1 650 554 3980
2549,+65 6437 5800
2550,+55 11 3430
2551,+84 24 37821462
2552,+84 24 35564944
2553,+41 71 6772022
2554,+41 71 6772020
2555,+678 27440
2556,+678 27621
2557,+541148943588
2558,+33 1 64 05 47 50
2559,+33 1 60 62 13 00
2560,+44 1865 332470
2561,+44 141 637 7111
2562,+44 141 221 9789
2563,+44 20 7421 8274
2564,+1 3026365400
2565,+1 3026365454
2566,+1 760 602 3099
2567,+685 20926
2568,+685 20932
2569,+1 760 602 3000
2570,+1 310 301
2571,+91 11 4820 2011
2572,+91 11 4820 2013
2573,+86 20 6622 2813
2574,+358 44 7301 607
2575,+358 20 155 8869
2576,+82 61 820 1176
2577,+7 7172 92 55 52
2578,+7 7172 92 54 11
2579,+359 2 9037211
2580,+359 2 9037213
2581,+359 2 9037212
2582,+7 495 730 29 65
2583,+86 20 6622 2543
2584,+94 11 2650912
2585,+94 11 2650805
2586,+94 11 4216061
2587,+94 11 4216065
2588,+380442309344
2589,+380503538629
2590,+886 2 23968832
2591,+886 2 23411313
2592,+86 10 82512114
2593,+86 10 82688382
2594,+976 11 318048
2595,+976 11 320210
2596,+213 21 91 54 34
2597,+213 21 91 62 10
2598,+249 157898500
2599,+249 183766729
2600,+249 912347826
2601,+995 555 482 482
2602,+995 32 249 00 49
2603,+995 32 98 89 24
2604,+86 13980716857
2605,+852 3972 2211
2606,+66 2 244 8264
2607,+66 2 564 8033
2608,+66 2 564 8034
2609,+66 2 244 8261
2610,+79649772117
2611,+86 10 58846931
2612,+86 10 58846999
2613,+202 3534 1116
2614,+202 3534 7000
2615,+202 3534 1115
2616,+974 44995312
2617,+970 8 2861617
2618,+970 8 2861618
2619,+967 771715858
2620,+967 1 7521403
2621,+967 1 270848
2622,+967 777009890
2623,+260 211 378200
2624,+263 4 708981
2625,+263 4 791701
2626,+33 1 55 06 16 86
2627,+442085818058
2628,+447919185095
2629,+021152808563
2630,+33472670274
2631,+33 4 72 67 02 74
2632,+5255 53983982
2633,+54 11 4671 9179
2634,+507 3971572
2635,+21671383860
2636,+45 7020 0422
2637,+541146719179
2638,+216 71 38 38 60
2639,+380522561842
2640,+48 22 726 70 90
2641,+38612927960
2642,+962 6 568 5755
2643,+34 934 804 430
2644,+525553983982
2645,+386 1 29 27 960
2646,+40 7020 0422
2647,+49 211 522 890 94
2648,+34934804430
2649,+49 0211 52808563
2650,+34 934 804 422
2651,+34 93 480 44 30
2652,+39059557250
2653,+39 059 579022
2654,+39 059 557250
2655,+6285510257501
2656,+33 01 44 27 03 30
2657,+33 01 55 80 79 11
2658,+33 01 40 29 93 33
2659,+33 6 52 03 13 47
2660,+353 1 706 3117
2661,+44 227 452 196
2662,+45 35320719
2663,+44 131 650 6351
2664,+44 227 764 000
2665,+45 35320705
2666,+44 131 650 6358
2667,+44 227 361265
2668,+61 3 9282 2490
2669,+44 1243 770332
2670,+44 1243 775878
2671,+61 3 9282 2400
2672,+1 301 816 4231
2673,+1 301 468 6758
2674,+358 0 7084 4441
2675,+46 18 18 14 16
2676,+33 42 59 50 96
2677,+49 89 23031 1275
2678,+33 76 54 76 15
2679,+49 89 23031 1160
2680,+44 76 86 10
2681,+44 1223 312393
2682,+61 02 9351 7290
2683,+44 01865 273275
2684,+46 18 18 11 13
2685,+358 0 70 851
2686,+44 01865 273238
2687,+61 02 9351 7408
2688,+44 76 86 00
2689,+33 42 95 20 73
2690,+33 99 84 73 50
2691,+33 76 63 48 31
2692,+1 615 574
2693,+47 73 50 33 52
2694,+1 519 885 1208
2695,+1 519 888 4567
2696,+1 562 985
2697,+30536417
2698,+358 9 708 44441
2699,+30539221
2700,+206656463
2701,+358 9 708 44164
2702,+358 9 7084 4441
2703,+358 9 7084 4227
2704,+43 664 73131771
2705,+1 972 708 7482
2706,+49 3222 109 5130
2707,+4254181275
2708,+9498543744
2709,+13473508422
2710,+2814068899
2711,+5124544197
2712,+12456789
2713,+9704431493
2714,+35312165093
2715,+18667970007
2716,+18889996488
2717,+0770841
2718,+3385299
2719,+43212188
2720,+18229423900
2721,+14163236323
2722,+1565045
2723,+4335470
2724,+18883192606
2725,+18777941244
2726,+6288246371710
2727,+855 9975 9107
2728,+6879457
2729,+46 10 884 8565
2730,+353 76 110 4800
2731,+358 29 56 66700
2732,+31 70 888 8501
2733,+357 22 818 456
2734,+370 5 279 1445
2735,+45 33 1932 00
2736,+359 2 915 3525
2737,+39 06 69677 785
2738,+370 5 271 2804
2739,+423 236 6090
2740,+359 2 915 3580
2741,+40 31 805 9211
2742,+370 5 261 9494
2743,+33 1 53 73 22 22
2744,+372 6828 712
2745,+351 21 392 84 00
2746,+49 228 997799 0
2747,+36 1 3911 400
2748,+32 2 274 48 35
2749,+32 2 283 19 00
2750,+352 2610 60 1
2751,+40 31 805 9602
2752,+46 8 652 8652
2753,+48 22 531 03 00
2754,+47 22 39 69 00
2755,+46 8 657 6100
2756,+49 228 997799 5550
2757,+420 234 665 444
2758,+43 1 52 152
2759,+30 210 6475 600
2760,+386 1 230 9778
2761,+420 234 665 111
2762,+385 1 4609 000
2763,+371 6722 3556
2764,+356 2328 7198
2765,+351 21 397 68 32
2766,+371 6722 3131
2767,+356 2328 7100
2768,+39 06 69677 1
2769,+32 2 274 48 00
2770,+386 1 230 9730
2771,+385 1 4609 099
2772,+352 2610 60 6099
2773,+31 70 888 8500
2774,+359 2 915 3548
2775,+30 210 6475 628
2776,+357 22 304 565
2777,+34 91 266 3517
2778,+32 2 283 19 50
2779,+354 510 9600
2780,+34 91 455 5699
2781,+33 1 53 73 22 00
2782,+1 646 654 5000
2783,+18886633488
2784,+18664180232
2785,+18444322275
2786,+18888355322
2787,+18882255322
2788,+46 72 143 25 84
2789,+46 8 453 25 00
2790,+46 709 51 51 91
2791,+46 8 453 26 17
2792,+4402074206000
2793,+17816579035
2794,+1 213 553 1714
2795,+61 2 49248095
2796,+1 888 4153 627
2797,+1 902 449 6245
2798,+1 604 736 5920
2799,+44 1273 641 782
2800,+6433385813
2801,+44 203 655 5416
2802,+962 799 866 122
2803,+971 56616 5336
2804,+962 6 592 3868
2805,+65 9092 6221
2806,+1 416 586 4800
2807,+86 15 61 190 8189
2808,+86 10 82 265 732
2809,+41 22 791 2222
2810,+442036555929
2811,+44 2036555508
2812,+442079353150
2813,+442079352815
2814,+39 041 9656421
2815,+393895662384
2816,+44 1865 225858
2817,+41 44 716 30 30
2818,+1 415 819 4816
2819,+49899919500
2820,+18007454355
2821,+1 800 745 4355
2822,+1800454355
2823,+1 417 257
2824,+1 417 256
2825,+46 020 120 3222
2826,+124373555
2827,+20 2 353 3333
2828,+800 0200 0132
2829,+995322970124
2830,+673 1 800 6738
2831,+355044515151
2832,+389 2 3090 890
2833,+973 8000 45 00
2834,+34 900 906 025
2835,+1 877 860 4895
2836,+966 121 88 385
2837,+37410541082
2838,+1 877 860 4893
2839,+974 4 411 9418
2840,+800 73332
2841,+965 2221 9876
2842,+1 800 710 200
2843,+16617262279
2844,+12392498996
2845,+1 650 319
2846,+49 89 2555 2276
2847,+33 7 57 90 52 73
2848,+34 518 880 290
2849,+442035146970
2850,+44 20 3514 6970
2851,+15619010040
2852,+12024019215
2853,+18008667636481
2854,+51 968182704
2855,+45 45 33 70 00
2856,+45 45 33 70 01
2857,+41 22 733 34 30
2858,+41 22 749 01 11
2859,+32 2 299 96 96
2860,+32 2 299 11 11
2861,+33 673 45 66 40
2862,+33650441968
2863,+1 415 520 3490
2864,+44333 234 4433
2865,+44 208 433 2871
2866,+852 2918 8646
2867,+33 1 44 95 85 92
2868,+971 4 367 8090
2869,+852 2918 8653
2870,+81 3 5157 3563
2871,+91 11 4608 3806
2872,+91 22 3065 2100
2873,+1 212 705 9300
2874,+1 41 6204 0513
2875,+27 100 203 061
2876,+86 1 36 3667 5812
2877,+65 6507 4248
2878,+27 10 020 3064
2879,+44 7771 633 055
2880,+61 2 9744 4620
2881,+44 1732 42 7770
2882,+46855577061
2883,+46 8 555 770 61
2884,+46855577060
2885,+46 8 555 770 60
2886,+46 8 555 770 64
2887,+447756165803
2888,+447730 751925
2889,+496921114060
2890,+1 201 786 8459
2891,+6660558803
2892,+4533367100
2893,+34 977759322
2894,+19096218000
2895,+1 563 212 5989
2896,+4815689
2897,+44 207 097 1871
2898,+1 732 455 9227
2899,+63 928 9932 191
2900,+18559605456
